isodecoder	TP-CK-16S-CW05_S8_L1_bc1_TTCC.FINAL.unpaired_uniq	TP-CK-16S-CW05_S8_L1_bc10_ACCA.FINAL.unpaired_uniq	TP-CK-16S-CW05_S8_L1_bc2_TCTG.FINAL.unpaired_uniq	TP-CK-16S-CW05_S8_L1_bc3_TGGT.FINAL.unpaired_uniq	TP-CK-16S-CW05_S8_L1_bc4_CTGA.FINAL.unpaired_uniq	TP-CK-16S-CW05_S8_L1_bc5_CCAT.FINAL.unpaired_uniq	TP-CK-16S-CW05_S8_L1_bc6_CATC.FINAL.unpaired_uniq	TP-CK-16S-CW05_S8_L1_bc7_GTAG.FINAL.unpaired_uniq	TP-CK-16S-CW05_S8_L1_bc8_GGTA.FINAL.unpaired_uniq	TP-CK-16S-CW05_S8_L1_bc9_GACT.FINAL.unpaired_uniq	size
Escherichia_coli_str_K_12_substr_MG1655_tRNA-eColiLys-TTT-1	107.932109314592	2.47088247658595	148.568854212832	136.844807089873	40.3699123479997	97.7004713250402	84.5966870327589	81.1751396886616	84.6116873920272	186.803715931478	1
Homo_sapiens_tRNA-Ala-AGC-1	8273.93844340984	7463.71233427396	7974.53363423474	6099.36854457721	7433.98015228984	5812.16033059692	6466.35926506651	6026.23213271438	6291.9573418483	4638.95894563171	1
Homo_sapiens_tRNA-Ala-AGC-10	456.141652460477	337.68727180008	619.706121626499	391.615784344752	433.628541255238	414.209289888452	422.983435163795	407.627679875438	364.99159267149	186.803715931478	2
Homo_sapiens_tRNA-Ala-AGC-11	32152.6327232	25832.2526652139	28937.4651178508	24518.553454628	28096.0669282647	26238.6828302311	28422.1369350339	25560.8251009571	25422.4939559162	22260.7761485011	1
Homo_sapiens_tRNA-Ala-AGC-12	3740.36155017591	2521.12375360986	3356.85303032238	2577.34897039775	3260.21843858673	2449.63577582679	2821.0645217452	2772.80261325011	2300.27656017737	2303.91249648823	3
Homo_sapiens_tRNA-Ala-AGC-13	1.28490606326895	1.64725498439063	5.35383258424621	0.630621230828909	4.52421431486203	4.07085297187668	4.11233895298134	2.91996905354898	4.14763173490329	0	3
Homo_sapiens_tRNA-Ala-AGC-14	4.28302021089649	11.5307848907344	30.7845373594157	13.873667078236	13.9206594303447	17.3011251304759	20.5616947649067	7.59191953922735	9.12478981678724	0	2
Homo_sapiens_tRNA-Ala-AGC-15	3706.09738848874	2776.44827619041	3288.59166487324	2677.61774609955	3384.80834048832	2740.70176331597	3184.7127805874	2932.8169173846	2982.97674374245	2210.51063852249	1
Homo_sapiens_tRNA-Ala-AGC-16	0	0.823627492195316	0	0	0	0	0	0	0	0	1
Homo_sapiens_tRNA-Ala-AGC-17	95.0830486819021	80.715494235141	86.999779494001	87.6563510852183	102.316846813034	67.1690740359651	82.2467790596267	72.9992263387245	63.8735287175107	0	1
Homo_sapiens_tRNA-Ala-AGC-18	1.28490606326895	0	0	3.78372738497345	2.08809891455171	4.07085297187668	0.587476993283048	2.33597524283918	0.829526346980659	0	2
Homo_sapiens_tRNA-Ala-AGC-19	12.8490606326895	8.23627492195316	9.36920702243088	8.19807600077582	6.26429674365512	2.03542648593834	9.39963189252877	5.25594429638816	2.48857904094198	93.401857965739	1
Homo_sapiens_tRNA-Ala-AGC-2	14519.8668169602	13497.6073420968	17366.4944451487	13605.0224339029	13947.1086832624	12684.7778603677	13734.6246259644	11946.7613856903	12021.4958204437	11021.4192399572	3
Homo_sapiens_tRNA-Ala-AGC-20	0	0	1.33845814606155	0	0	0	0	0	0	0	1
Homo_sapiens_tRNA-Ala-AGC-21	0.856604042179299	0	0	1.89186369248673	0.348016485758618	1.01771324296917	0	2.91996905354898	0	0	1
Homo_sapiens_tRNA-Ala-AGC-23	0	0	1.33845814606155	0	0	0	0	0	0	0	1
Homo_sapiens_tRNA-Ala-AGC-24	279.252917750451	203.435990572243	307.845373594157	217.564324635974	287.809633722377	205.578075079772	200.329654709519	189.797988480684	166.734795743112	62.2679053104927	1
Homo_sapiens_tRNA-Ala-AGC-3	16517.0391413012	15807.0588302125	19142.6284049723	14812.0314697094	16803.2799818833	15457.0287342157	16444.6559959791	14475.4545860637	14852.6692426887	14601.8237953105	1
Homo_sapiens_tRNA-Ala-AGC-4	127461.396570216	118543.057696687	114960.170165227	95876.4988290732	114078.759982218	103581.836156159	110880.407712243	102163.877245572	106418.276001455	108003.68176105	1
Homo_sapiens_tRNA-Ala-AGC-5	563.645459753978	371.455998980088	488.537223312467	476.749650506655	465.646057945031	440.66983420565	454.707192801079	431.571426114539	366.650645365451	467.009289828695	1
Homo_sapiens_tRNA-Ala-AGC-6	1256.20982785594	957.055145930958	1323.73510645488	1510.33784783524	1454.01287749951	905.76478624256	901.189707696196	810.583409265197	1088.33856723862	809.482769036405	1
Homo_sapiens_tRNA-Ala-AGC-8	66883.6436133596	62922.6695212456	60970.783927542	52302.4636424881	66049.7008156423	63992.7910046584	67218.5300944531	61537.763809734	64367.9264203112	62610.3787897004	2
Homo_sapiens_tRNA-Ala-AGC-9	126.349096221447	155.665596024915	132.507356460094	114.773064010861	146.514940504378	124.161015642239	103.9834278111	104.534892117053	104.520319719563	93.401857965739	2
Homo_sapiens_tRNA-Ala-CGC-1	2242.16108040431	1527.82899802231	1612.84206600417	1788.44181063079	1393.10999249175	1561.17211471471	1550.35178527396	1487.43223587785	1312.3106809234	1463.29577479658	1
Homo_sapiens_tRNA-Ala-CGC-2	5203.01295219706	4310.86629415029	3842.71333734272	3498.05596740796	3676.7941720398	3641.37798334369	3758.67780302494	3364.97233730984	2973.85195392566	3673.80641331907	1
Homo_sapiens_tRNA-Ala-CGC-3	14315.9950549215	14385.4777786834	11059.6796609066	11122.2666481295	12883.570302784	10969.9310459647	12573.7700872371	11153.1137969357	11438.3387985163	10772.3476187152	1
Homo_sapiens_tRNA-Ala-CGC-4	4778.99395131831	3023.53652384901	3841.37487919666	3367.51737262637	3567.86501199735	3068.40542755204	2741.1676506587	3093.9992091405	2457.05703975671	3113.39526552463	1
Homo_sapiens_tRNA-Ala-CGC-5	2.5698121265379	1.64725498439063	5.35383258424621	5.04496984663127	2.78413188606894	8.14170594375335	6.46224692611353	0	0.829526346980659	0	1
Homo_sapiens_tRNA-Ala-TGC-1	15466.8425855894	10321.6997321917	11627.1859148367	10909.7472933401	12183.3611334377	9916.59783949158	10664.4698590672	9357.91682281377	9253.36640056925	8468.43512222701	1
Homo_sapiens_tRNA-Ala-TGC-2	44689.8894845362	37717.1973775923	34703.542811084	31083.9510887878	34173.8268355532	31867.6547770936	33933.8460860154	31153.1498323141	28144.9994267068	30542.4075547967	1
Homo_sapiens_tRNA-Ala-TGC-3	17047.7053454313	15973.431583636	15439.11471482	12560.0830544194	11676.6491301731	14044.4427529745	14515.9690270308	13712.174675466	11452.440746415	14601.8237953105	2
Homo_sapiens_tRNA-Ala-TGC-4	13030.2323876104	10350.5266944185	14456.6864356108	11250.9133792186	9144.48117979344	12116.8938707909	12958.5675178375	11945.0094042582	9500.56525196948	9651.52532312637	1
Homo_sapiens_tRNA-Ala-TGC-5	19252.6041500008	15469.3715584124	15840.6521586385	14086.1864330253	17756.1491198904	15091.6696799898	15805.4810272871	15348.5253330749	11955.1337126853	12982.8582572377	1
Homo_sapiens_tRNA-Ala-TGC-6	1205.24188734627	851.630826929957	855.274755333333	812.870766538464	1038.13317701796	922.048198130067	1013.39781341326	929.718146649995	836.992084103484	809.482769036405	1
Homo_sapiens_tRNA-Ala-TGC-7	9.85094648506193	2.47088247658595	12.046123314554	14.5042883090649	8.35239565820683	6.10627945781501	8.81215489924572	7.59191953922735	5.80668442886461	0	1
Homo_sapiens_tRNA-Ala-TGC-8	0	0	0	0	0	0	0	0	0	0	1
Homo_sapiens_tRNA-Ala-TGC-9	0	0	1.33845814606155	0	0	0	0.587476993283048	0.583993810709796	0	0	1
Homo_sapiens_tRNA-Arg-ACG-1	94023.0011797053	105633.520384018	75822.315516241	75524.4598465318	85596.0467382751	102395.182514857	109466.938066403	99919.0050372033	97725.6694114444	98103.0848166812	3
Homo_sapiens_tRNA-Arg-ACG-2	151461.728623996	188511.036786172	136799.791734513	125825.331702369	141652.802181844	183902.818431015	194498.358074192	184040.393500896	170028.844866973	168029.942480365	4
Homo_sapiens_tRNA-Arg-CCG-1	66320.8547576478	66998.8019801202	50529.4719301158	60595.1328278882	68050.0995757829	73640.7125480061	74795.2208768246	75850.2841226097	73547.4649759991	67249.3377353321	1
Homo_sapiens_tRNA-Arg-CCG-2	35830.4621782968	35462.9289314537	34557.6508731633	39024.1030061545	33756.5550691287	39695.9050420124	38999.0727221019	41542.983718652	37834.6966857878	38357.0296712635	1
Homo_sapiens_tRNA-Arg-CCT-1	16797.1486630939	13421.8336128149	12099.6616403964	17758.9244813729	12341.0126014863	14345.6858728934	12761.1752480944	15208.3668185045	13385.2371348799	11363.8927191649	1
Homo_sapiens_tRNA-Arg-CCT-2	10924.2713499126	5734.09460066379	8303.79433816588	11356.8577459978	5604.80550314254	7397.75756314289	6380.58762404719	7081.50894866699	6510.12277110421	8406.16721691651	1
Homo_sapiens_tRNA-Arg-CCT-3	5975.2414962217	5803.2793100082	5633.57033677308	6545.84837600407	4930.34955374234	5877.29397814695	5562.2321724039	6289.6133413445	5174.58535246535	6039.98681511779	1
Homo_sapiens_tRNA-Arg-CCT-4	46082.7276571197	38708.8448781955	39827.1605942076	47736.7659312867	32299.7580597431	44961.5533611349	42200.8223354945	45701.6036447165	41439.8181897658	45362.1690186939	1
Homo_sapiens_tRNA-Arg-CCT-5	0.428302021089649	0	0	4.41434861580236	0.348016485758618	0	0.587476993283048	0	1.65905269396132	0	1
Homo_sapiens_tRNA-Arg-CCT-6	0	0	0	0	0	0	0	0	0	0	1
Homo_sapiens_tRNA-Arg-CCT-7	0	0	0	0	0	0	0	0	0	0	1
Homo_sapiens_tRNA-Arg-TCG-1	46427.939086118	48965.4780385038	38566.3330206176	42372.701741856	46851.0233622824	51392.4833434571	55605.2848912338	52276.7899594981	53802.2493388185	50001.1279643256	1
Homo_sapiens_tRNA-Arg-TCG-2	9199.49911098458	10446.8911110054	6840.8595845206	8657.16825681926	10788.5110585172	9369.06811477417	9305.63557360348	10760.085962328	9660.66383693675	7939.15792708782	1
Homo_sapiens_tRNA-Arg-TCG-3	77668.7168064181	79689.2543798656	62467.1801348388	67702.8647205608	83328.7193335577	88659.1068745021	89678.9505016506	92839.8320637791	84900.3625607764	78613.230454497	1
Homo_sapiens_tRNA-Arg-TCG-4	1992.88930413014	2191.67275673174	1702.5187617903	2193.30064082295	2651.53760499491	1818.6535651859	1869.35179262666	2170.1210005976	2101.19023690201	1743.5013486938	1
Homo_sapiens_tRNA-Arg-TCG-5	25435.572126451	28882.1452688132	22796.6191437204	22421.7378621219	27705.2444147578	29653.1107603927	30194.5550237688	31851.0224361123	29710.3156434593	26588.3955675804	1
Homo_sapiens_tRNA-Arg-TCG-6	0	0	0	0	0.696032971517236	1.01771324296917	0	2.91996905354898	0	0	1
Homo_sapiens_tRNA-Arg-TCT-1	41896.5037029895	53026.7852025189	42123.9547728492	41269.7452091363	41289.0238868882	52321.6555342879	57692.0031713752	53698.2308947657	52237.762648413	54204.2115727839	1
Homo_sapiens_tRNA-Arg-TCT-2	4170.80508137101	3699.73469494136	4094.34346880229	3634.90077449783	3735.608958133	3608.81115956867	3620.62070960343	3915.09450699847	3900.43288350306	3736.07431862956	1
Homo_sapiens_tRNA-Arg-TCT-3	5762.80369376123	5664.90989131939	5721.90857441314	5143.97737987141	5124.54275279565	5831.49688221334	6107.99829916385	6279.68544656244	5917.84095936002	5292.77195139188	2
Homo_sapiens_tRNA-Arg-TCT-4	155.473633655543	159.783733485891	239.584008145018	178.465808324581	173.66022639355	125.178728885208	163.90608112597	119.134737384798	152.632847844441	124.535810620985	1
Homo_sapiens_tRNA-Arg-TCT-5	0.428302021089649	0	0	3.78372738497345	0	1.01771324296917	0	0	0.829526346980659	0	1
Homo_sapiens_tRNA-Asn-ATT-1	0	0	0	0	0	0	0	0	0	0	1
Homo_sapiens_tRNA-Asn-GTT-1	10701.9826009671	9711.39176047497	11854.7237996672	10287.9547597428	11282.6944682944	10336.9134088378	10840.7129570521	10104.2609129009	10799.6035113412	11924.3038669594	1
Homo_sapiens_tRNA-Asn-GTT-10	0	2.47088247658595	6.69229073030777	1.89186369248673	0.348016485758618	1.01771324296917	0	0.583993810709796	1.65905269396132	0	1
Homo_sapiens_tRNA-Asn-GTT-11	0.428302021089649	0	0	0	0	0	1.1749539865661	0	0	0	1
Homo_sapiens_tRNA-Asn-GTT-12	0	0	0	0	1.04404945727585	0	0	0	0	0	1
Homo_sapiens_tRNA-Asn-GTT-13	0	0	0	2.52248492331564	0.348016485758618	0	0	0	0	0	1
Homo_sapiens_tRNA-Asn-GTT-14	5.99622829525509	4.11813746097658	5.35383258424621	8.82869723160472	5.56826377213789	3.05313972890751	7.63720091267963	5.83993810709796	15.7610005926325	0	1
Homo_sapiens_tRNA-Asn-GTT-15	0	0	0	0	0.696032971517236	0	0.587476993283048	0	1.65905269396132	0	3
Homo_sapiens_tRNA-Asn-GTT-16	0	0	0	0	0	0	0	0	0	0	2
Homo_sapiens_tRNA-Asn-GTT-17	1.28490606326895	3.29450996878127	20.0768721909233	9.45931846243363	4.17619782910341	4.07085297187668	5.28729293954743	6.42393191780776	0.829526346980659	0	1
Homo_sapiens_tRNA-Asn-GTT-18	0	0	1.33845814606155	0	1.39206594303447	1.01771324296917	0.587476993283048	0	0	0	1
Homo_sapiens_tRNA-Asn-GTT-19	0	0	1.33845814606155	0.630621230828909	1.39206594303447	0	0.587476993283048	1.16798762141959	0.829526346980659	0	1
Homo_sapiens_tRNA-Asn-GTT-2	93380.9764500919	88576.1950206531	106958.867368071	90200.907751613	98632.7442947929	95024.9032092743	101426.140459338	94701.0203385112	100480.526409767	100344.729407859	8
Homo_sapiens_tRNA-Asn-GTT-21	0	0	0	0	0	0	0	0	0	0	1
Homo_sapiens_tRNA-Asn-GTT-22	0	0	0	0.630621230828909	0	0	0	0	0	0	1
Homo_sapiens_tRNA-Asn-GTT-24	370.481248242547	427.462668449369	469.798809267605	520.26251543385	542.905717783444	527.17545985803	536.953971860706	518.586503910299	490.250071065569	716.080911070666	1
Homo_sapiens_tRNA-Asn-GTT-25	1.28490606326895	0	1.33845814606155	0	0.348016485758618	1.01771324296917	0.587476993283048	0	1.65905269396132	0	1
Homo_sapiens_tRNA-Asn-GTT-26	0	0	0	0	2.78413188606894	1.01771324296917	0	2.91996905354898	0	0	1
Homo_sapiens_tRNA-Asn-GTT-27	0	0	0	0	0	0	0	0	0	0	1
Homo_sapiens_tRNA-Asn-GTT-28	0	0	0	0	0	0	0	0	0	0	1
Homo_sapiens_tRNA-Asn-GTT-3	188.024587258356	213.319520478587	247.614757021387	239.636067714985	215.074188198826	241.198038583693	265.539600963938	255.789289090891	256.323641217023	280.205573897217	1
Homo_sapiens_tRNA-Asn-GTT-4	3070.92549121279	3505.35860678327	4155.91254352112	4023.36345268844	3662.87351260945	3971.1170740657	3571.86011916093	3748.07227713547	3654.0635584498	2708.65388100643	1
Homo_sapiens_tRNA-Asn-GTT-5	2035.29120421801	1722.20508618041	2237.90202021492	1570.87748599481	1807.59762703026	1683.29770387101	1967.46045050493	1729.78966732242	1812.51506815274	1556.69763276232	1
Homo_sapiens_tRNA-Asn-GTT-6	1186.39659841833	1170.37466640954	1377.27343229734	1067.64174379334	1330.11900856944	1134.75026591062	1276.58750640406	1125.94006704849	1288.25441686096	1276.4920588651	1
Homo_sapiens_tRNA-Asn-GTT-7	29.9811414762755	28.8269622268361	38.8152862357851	44.7741073888525	30.2774342609998	40.7085297187668	38.7734815566812	49.6394739103327	26.5448431033811	0	1
Homo_sapiens_tRNA-Asn-GTT-8	1.28490606326895	1.64725498439063	0	2.52248492331564	2.43611540031033	0	1.76243097984914	0	0.829526346980659	31.1339526552463	1
Homo_sapiens_tRNA-Asn-GTT-9	64.2453031634474	63.4193168990394	105.738193538863	69.36833539118	73.779494980827	75.3107799797185	56.3977913551726	72.9992263387245	63.0440023705301	62.2679053104927	1
Homo_sapiens_tRNA-Asp-GTC-1	5956.39620729375	6475.35934363958	8224.82530754825	9231.6641981044	7039.32945743956	9286.63334209367	9418.43115631383	9425.66010485611	10048.0526409767	10523.2759974733	1
Homo_sapiens_tRNA-Asp-GTC-10	2.14151010544825	0.823627492195316	13.3845814606155	1.26124246165782	0.696032971517236	7.12399270078418	1.1749539865661	0.583993810709796	0.829526346980659	0	1
Homo_sapiens_tRNA-Asp-GTC-2	64289.4182716196	70840.2006037192	59742.0793494575	72180.9060806769	64403.9308544898	68830.9997617338	77798.9907434808	74414.2433420743	87928.9632536028	79671.7848447754	11
Homo_sapiens_tRNA-Asp-GTC-3	6415.10767188077	7146.61574977876	8658.48574687219	6671.34200093903	5200.75836317679	6034.0218175642	6322.42740171216	6400.57216537936	6903.31825957304	5915.45100449681	1
Homo_sapiens_tRNA-Asp-GTC-4	17.132080843586	19.7670598126876	28.1076210672926	28.3779553873009	17.7488407736895	28.4959708031367	14.0994478387932	25.695727671231	24.0562640624391	0	1
Homo_sapiens_tRNA-Asp-GTC-5	1.7132080843586	0.823627492195316	13.3845814606155	1.26124246165782	1.74008242879309	1.01771324296917	1.76243097984914	4.67195048567837	4.14763173490329	0	1
Homo_sapiens_tRNA-Asp-GTC-6	0	0	0	0	0	1.01771324296917	0	0	0	0	1
Homo_sapiens_tRNA-Asp-GTC-8	0	0	0	0	0	1.01771324296917	0	0	0	0	1
Homo_sapiens_tRNA-Asp-GTC-9	0	0	0	0	0	4.07085297187668	0	4.08795667496857	0	0	1
Homo_sapiens_tRNA-Cys-ACA-1	3.42641616871719	0	0	0	0	0	0	0	0.829526346980659	0	1
Homo_sapiens_tRNA-Cys-GCA-1	5.99622829525509	0	8.03074887636932	5.67559107746018	3.48016485758618	18.318838373445	2.93738496641524	3.50396286425878	1.65905269396132	0	1
Homo_sapiens_tRNA-Cys-GCA-10	23.1283091388411	13.1780398751251	25.4307047751695	22.0717430790118	11.832560515793	11.1948456726609	15.2744018253593	15.7678328891645	9.9543161637679	0	1
Homo_sapiens_tRNA-Cys-GCA-12	79.2358739015851	88.1281416648988	105.738193538863	76.9357901611269	87.7001544111717	69.2045005219035	65.7974232477014	57.8153872602698	75.4868975752399	62.2679053104927	1
Homo_sapiens_tRNA-Cys-GCA-13	34.2641616871719	73.3028468053832	44.1691188200313	39.0985163113924	32.0175166897928	51.9033753914276	66.9723772342675	63.071331556658	39.8172646550716	0	1
Homo_sapiens_tRNA-Cys-GCA-14	214.579312565914	277.562464869822	239.584008145018	323.50869141523	311.126738268204	286.995134517306	303.725605527336	290.244923922769	314.39048550567	467.009289828695	1
Homo_sapiens_tRNA-Cys-GCA-15	2.5698121265379	1.64725498439063	5.35383258424621	0.630621230828909	0.348016485758618	4.07085297187668	0	1.75198143212939	3.31810538792263	0	1
Homo_sapiens_tRNA-Cys-GCA-16	2.99811414762755	4.11813746097658	2.67691629212311	0.630621230828909	2.43611540031033	10.1771324296917	2.93738496641524	1.16798762141959	1.65905269396132	0	1
Homo_sapiens_tRNA-Cys-GCA-18	8.99434244288264	11.5307848907344	12.046123314554	10.0899396932625	4.17619782910341	16.2834118875067	4.11233895298134	8.17591334993714	4.97715808188395	0	1
Homo_sapiens_tRNA-Cys-GCA-19	0	0	0	0	0	0	0	0	0	0	1
Homo_sapiens_tRNA-Cys-GCA-22	0	0	0	0	0	0	0	0	0	0	1
Homo_sapiens_tRNA-Cys-GCA-23	0	0	0	0	0	3.05313972890751	0	0	0	0	1
Homo_sapiens_tRNA-Cys-GCA-24	1.28490606326895	0	0	0	0	4.07085297187668	1.1749539865661	0	0	0	1
Homo_sapiens_tRNA-Cys-GCA-6	66.3868132688956	43.6522570863518	95.0305283703703	121.709897549979	61.946934465034	128.231868614115	56.9852683484557	53.7274305853012	68.021160452414	93.401857965739	1
Homo_sapiens_tRNA-Cys-GCA-9	828.336108787382	1064.12671991635	898.105416007303	910.617057316945	938.948478576751	959.703588119926	993.423595641634	964.173781481873	882.616033187421	996.286484967883	4
Homo_sapiens_tRNA-Gln-CTG-1	30849.7379750453	25020.1559579093	19766.349901037	27399.8618582853	20733.0821390697	26424.9243536945	24490.1534189904	25236.1245422024	26081.9674017659	24004.2774971949	5
Homo_sapiens_tRNA-Gln-CTG-10	0	0	0	0	0	0	0	0	0	0	1
Homo_sapiens_tRNA-Gln-CTG-11	0.428302021089649	0	4.01537443818466	0.630621230828909	0	0	0.587476993283048	1.16798762141959	0	0	1
Homo_sapiens_tRNA-Gln-CTG-12	0	0	0	0	0	1.01771324296917	0	0	0	0	1
Homo_sapiens_tRNA-Gln-CTG-13	0	0	0	0	0	0	0	0	0	0	1
Homo_sapiens_tRNA-Gln-CTG-16	0	0	0	0	0	0	0	0	0	0	1
Homo_sapiens_tRNA-Gln-CTG-17	0	0	0	0	0	0	0	0	0	0	1
Homo_sapiens_tRNA-Gln-CTG-2	9308.28782434135	8088.02197335801	6972.02848283463	8813.56232206483	7105.4525897337	9078.00212728499	8553.66502220118	8771.58703686114	9294.84271791828	10025.1327549893	1
Homo_sapiens_tRNA-Gln-CTG-3	6420.67559815493	5247.33075277636	5278.87892806677	5720.36518484903	4766.43378895003	5596.40512308746	5561.05721841733	5463.26209919014	5715.43653069674	5137.10218811565	2
Homo_sapiens_tRNA-Gln-CTG-4	2656.75743681909	2127.4298123405	2854.93122554929	2350.95594853017	1984.7380182814	2216.57944318685	2788.16581012135	2205.16062924019	2136.85986982218	2708.65388100643	2
Homo_sapiens_tRNA-Gln-CTG-5	4625.23352574712	5106.49045161096	4016.71289633072	4974.97089000926	4095.80602089317	5114.00904592007	4351.44208924754	5065.56231409677	5087.48508603238	4670.09289828695	1
Homo_sapiens_tRNA-Gln-CTG-6	348.209543145885	485.940220395237	281.076210672926	329.814903723519	257.880215947136	340.933936394672	331.924501204922	368.500094557881	416.422226184291	591.545100449681	1
Homo_sapiens_tRNA-Gln-CTG-7	269.830273286479	338.510899292275	246.276298875326	348.733540648387	243.611540031033	334.827656936857	262.602215997523	302.508793947674	287.016116055308	529.277195139188	1
Homo_sapiens_tRNA-Gln-CTG-8	0	0	0	0	0	0	0	0	0	0	3
Homo_sapiens_tRNA-Gln-CTG-9	2.14151010544825	4.11813746097658	5.35383258424621	0	2.43611540031033	6.10627945781501	2.34990797313219	0.583993810709796	3.31810538792263	0	1
Homo_sapiens_tRNA-Gln-TTG-1	7525.69481256623	5917.76353142335	4494.5424544747	6397.65238675928	5174.30911025913	6323.05237856745	5507.59681202858	6081.71154473182	6261.26486701001	5230.50404608139	1
Homo_sapiens_tRNA-Gln-TTG-10	0	0	0	0	0	0	0	0	0	0	1
Homo_sapiens_tRNA-Gln-TTG-2	3304.35009270664	2982.35514923924	2379.77858369744	2691.49141317778	2718.70478674632	2914.7307278637	2833.98901559742	2880.84146823142	2969.70432219076	2895.45759693791	1
Homo_sapiens_tRNA-Gln-TTG-3	17039.5676070306	18977.2010476723	13609.4424291539	16357.6841064711	16283.34335216	19218.4968802298	17373.4571223596	18554.6513538716	20459.437821931	17497.2813922484	3
Homo_sapiens_tRNA-Gln-TTG-4	13.2773626537791	10.7071573985391	20.0768721909233	17.0267732323805	16.356774830655	6.10627945781501	18.7992637850575	12.8478638356155	11.6133688577292	31.1339526552463	1
Homo_sapiens_tRNA-Gln-TTG-5	0	0	0	0	0	0	0	0	0	0	1
Homo_sapiens_tRNA-Gln-TTG-6	0	0	0	0	0	0	0	0	0	0	1
Homo_sapiens_tRNA-Glu-CTC-1	132125.605579883	132739.924779658	111663.547751477	148707.423062996	139101.841341234	106198.376903833	108939.971203429	123306.205174698	127735.444066164	123477.256230707	7
Homo_sapiens_tRNA-Glu-CTC-16	0	0	0	0	0	0	0	0	0	0	1
Homo_sapiens_tRNA-Glu-CTC-2	1334.16079569426	625.95689406844	3403.69906543453	2939.95617812437	622.949509507926	1832.90155058747	834.804807455211	1112.50820940216	1613.42874487738	996.286484967883	1
Homo_sapiens_tRNA-Glu-CTC-3	0.856604042179299	0.823627492195316	1.33845814606155	1.26124246165782	0	1.01771324296917	2.34990797313219	0.583993810709796	1.65905269396132	0	1
Homo_sapiens_tRNA-Glu-CTC-5	0	0	0	0	0	0	0	0	0	0	1
Homo_sapiens_tRNA-Glu-CTC-7	4.71132223198614	4.9417649531719	5.35383258424621	11.3511821549204	3.13214837182756	6.10627945781501	3.52486195969829	5.25594429638816	2.48857904094198	0	1
Homo_sapiens_tRNA-Glu-TTC-1	26663.9423229361	31439.5086320796	23141.9413454043	28910.1997061205	25698.5813578736	27257.4137864432	26917.608355236	30315.7027077562	23584.2635710071	31569.8279924198	2
Homo_sapiens_tRNA-Glu-TTC-10	0	0	0	0	0	0	0	0	0	0	2
Homo_sapiens_tRNA-Glu-TTC-11	0	0	0	0	0	0	0	0	0	0	1
Homo_sapiens_tRNA-Glu-TTC-12	1.7132080843586	0	0	2.52248492331564	1.04404945727585	0	0	1.16798762141959	1.65905269396132	0	1
Homo_sapiens_tRNA-Glu-TTC-14	5.56792627416544	7.41264742975785	16.0614977527386	15.7655307707227	6.96032971517236	10.1771324296917	6.46224692611353	7.59191953922735	10.7838425107486	0	1
Homo_sapiens_tRNA-Glu-TTC-2	18779.7587187179	17214.6382143743	15635.8680622911	18052.7939749392	15768.626969723	16823.8176195233	11897.5840679683	19025.3503653037	11427.5549560056	18618.1036878373	2
Homo_sapiens_tRNA-Glu-TTC-3	155.473633655543	99.6589265556333	144.553479774648	175.943323401266	137.814528360413	74.2930667367493	93.9963189252877	86.4310839850498	76.3164239222206	217.937668586724	1
Homo_sapiens_tRNA-Glu-TTC-4	8806.74615764537	7538.66243606373	14605.2552898237	9751.92671353825	9305.96082918544	6920.45005219035	7275.90256181055	7933.55591849258	7360.38727675938	7005.13934743043	2
Homo_sapiens_tRNA-Glu-TTC-5	0.856604042179299	0	5.35383258424621	1.89186369248673	1.04404945727585	0	2.34990797313219	0.583993810709796	0	0	1
Homo_sapiens_tRNA-Glu-TTC-6	0	0	0	0.630621230828909	0	0	0	0	0	0	1
Homo_sapiens_tRNA-Glu-TTC-7	0.428302021089649	0	0	0	0.348016485758618	1.01771324296917	0	0.583993810709796	0	0	1
Homo_sapiens_tRNA-Glu-TTC-8	1.28490606326895	0	28.1076210672926	1.26124246165782	0	2.03542648593834	4.69981594626439	2.33597524283918	5.80668442886461	0	1
Homo_sapiens_tRNA-Glu-TTC-9	2.5698121265379	0	0	1.89186369248673	0	0	0	0.583993810709796	0	0	1
Homo_sapiens_tRNA-Gly-CCC-1	12728.2794627422	6631.02493966449	9773.42138254147	11140.5546638235	5320.82405076351	7353.99589369521	6503.95779263663	6298.95724231586	5522.98641819722	7409.88073194863	2
Homo_sapiens_tRNA-Gly-CCC-2	109987.959015822	74350.5009754556	75798.2232696118	104781.501229608	71852.8757156673	79346.0129880913	74544.955677686	75124.9638097081	69994.603631881	80418.9997085013	1
Homo_sapiens_tRNA-Gly-CCC-3	3.42641616871719	4.9417649531719	2.67691629212311	6.936833539118	3.48016485758618	0	0	0.583993810709796	2.48857904094198	0	1
Homo_sapiens_tRNA-Gly-CCC-4	4.71132223198614	0	13.3845814606155	3.15310615414454	2.78413188606894	13.2302721585992	1.1749539865661	5.25594429638816	0.829526346980659	0	1
Homo_sapiens_tRNA-Gly-CCC-5	7.70943637961369	3.29450996878127	14.7230396066771	10.0899396932625	1.74008242879309	8.14170594375335	3.52486195969829	3.50396286425878	3.31810538792263	0	1
Homo_sapiens_tRNA-Gly-CCC-6	0.856604042179299	0	4.01537443818466	0.630621230828909	0.348016485758618	0	0.587476993283048	0.583993810709796	0	0	1
Homo_sapiens_tRNA-Gly-CCC-7	0	0	0	0	0	0	0	0	0	0	1
Homo_sapiens_tRNA-Gly-CCC-8	0	0	0	0	0	0	0	0	0	0	1
Homo_sapiens_tRNA-Gly-GCC-1	93891.5124592307	65709.8249548345	92162.2125633604	85371.6103659252	72020.9676782887	70565.1831277533	73300.0919289192	64347.9420268696	61608.9217902535	72230.7701601715	5
Homo_sapiens_tRNA-Gly-GCC-2	119133.92037417	72319.435579702	111240.594977322	102564.236982014	66267.907152213	86831.2938901295	82525.2431544429	74439.9390697456	66661.5667697127	81290.7503828482	6
Homo_sapiens_tRNA-Gly-GCC-3	26.5547253075583	18.119804828297	28.1076210672926	27.1167129256431	13.2246264588275	27.4782575601676	15.8618788186423	21.6077709962625	23.2267377154584	62.2679053104927	1
Homo_sapiens_tRNA-Gly-GCC-4	0	0	0	0	0	0	0	0.583993810709796	0	0	1
Homo_sapiens_tRNA-Gly-GCC-5	0	0	4.01537443818466	0.630621230828909	0	0	0	0	0	0	1
Homo_sapiens_tRNA-Gly-GCC-6	0	1.64725498439063	0	0	0	0	0	0	0	0	1
Homo_sapiens_tRNA-Gly-TCC-1	44875.344259668	21130.986939763	27419.653580217	36504.7711889931	18293.4865739017	26628.4670022883	22223.6671789044	22917.6691136845	18984.5399769994	24782.6263135761	1
Homo_sapiens_tRNA-Gly-TCC-2	95880.9753471922	43800.5100349469	64806.8049741544	77142.6339248388	43899.8435630493	55951.838671959	48905.1097828406	48104.1541819766	41667.1084088385	52180.5046501929	6
Homo_sapiens_tRNA-Gly-TCC-3	29963.5810934108	12735.7519118162	21039.2235979416	23590.9096240787	12411.6599480953	16646.7355152467	15709.722277382	14132.0662253664	11743.6044942052	15317.9047063812	1
Homo_sapiens_tRNA-Gly-TCC-4	274.541595518465	131.780398751251	191.399514886802	266.1221594098	141.990726189516	178.099817519605	146.869248320762	162.350279377323	122.769899353137	93.401857965739	1
Homo_sapiens_tRNA-Gly-TCC-5	0	0	0	1.26124246165782	2.43611540031033	0	1.1749539865661	0	0	0	1
Homo_sapiens_tRNA-Gly-TCC-6	1.7132080843586	0	0	0.630621230828909	1.39206594303447	0	0.587476993283048	1.16798762141959	0	0	1
Homo_sapiens_tRNA-His-GTG-1	24880.0644050977	23961.7946304383	28142.4209790902	27334.9078715099	27959.2964493616	25768.4993119794	27296.5310159035	25913.5573626258	28295.1436955103	24751.4923609208	9
Homo_sapiens_tRNA-His-GTG-2	3107.33116300541	3901.52343052921	4984.41813593323	4096.51551546459	3912.05331641262	4789.35852141291	3409.71646901481	4002.69357860494	3621.71203091756	3518.13665004284	1
Homo_sapiens_tRNA-Ile-AAT-1	72.3830415641507	110.366083954172	78.9690306176317	69.36833539118	103.36089627031	91.5941918672252	72.847147167098	77.0871830136931	98.7136352906984	62.2679053104927	1
Homo_sapiens_tRNA-Ile-AAT-10	0	0	0	0	0	0	0.587476993283048	0	0	0	1
Homo_sapiens_tRNA-Ile-AAT-11	0	0	0	0	0	0	0.587476993283048	0	0	0	1
Homo_sapiens_tRNA-Ile-AAT-12	49894.1873427965	72427.3307811795	49509.5668228169	42846.2982862086	71420.2912238693	64837.4929963228	73068.0385165724	68320.2679273176	70672.3266573642	64914.2912861886	1
Homo_sapiens_tRNA-Ile-AAT-2	24468.4661628306	34163.2447487695	27102.4389996004	22735.7872350747	31432.1529607469	29953.3361670686	32123.8294697104	31883.1420957013	36161.5420439278	29670.6568804498	1
Homo_sapiens_tRNA-Ile-AAT-3	1026.63994455189	993.294755587552	1078.79726572561	901.157738854511	1207.26918909665	945.455602718358	1137.94293598926	1106.08427748435	1033.5898283379	965.152532312637	1
Homo_sapiens_tRNA-Ile-AAT-4	13242.2418880498	15524.5546003895	14397.7942771841	11317.1286084556	15955.1638060896	14034.2656205448	15660.9616869395	15990.3345310449	16657.7185737186	15847.1819015204	1
Homo_sapiens_tRNA-Ile-AAT-5	115522.049430321	148118.697313929	123191.687763505	97463.1418458387	145537.362195882	128461.871807026	143031.261123644	143218.05814466	157400.965286886	138670.625126467	5
Homo_sapiens_tRNA-Ile-AAT-6	22035.7106830414	28943.9173307278	24899.3368911831	20323.0304059232	28634.4484317333	25894.6957541075	26866.4978568204	26988.6899681425	30569.7049389312	28518.7006322057	1
Homo_sapiens_tRNA-Ile-AAT-7	111263.870736648	129874.524734311	124599.745733162	91904.2156960819	139395.9152717	111239.110596259	124443.489056168	124289.650751934	138905.845854605	114261.606244754	2
Homo_sapiens_tRNA-Ile-AAT-8	13826.017542795	15600.3283296715	13110.1975406729	11309.5611536857	17360.1063590971	13325.9372034383	14858.4681141149	14676.9324507586	16816.1581059919	12329.0452514776	1
Homo_sapiens_tRNA-Ile-AAT-9	0	0	0	0	0	0	0	0.583993810709796	0	0	1
Homo_sapiens_tRNA-Ile-GAT-1	52.2528465729372	51.0649045161096	45.5075769660928	53.6028046204573	58.1187531216892	38.6731032328284	57.5727453417387	57.8153872602698	68.8506867993947	0	1
Homo_sapiens_tRNA-Ile-TAT-1	11823.2772921798	12830.4690734186	9169.77675866771	10990.4668108862	15182.2191912197	11680.2948895572	9911.91183067159	11884.8580417551	12725.7636890303	12515.848967409	1
Homo_sapiens_tRNA-Ile-TAT-2	48910.3776003536	66526.8634270923	38144.7187046082	45254.6407667442	66628.4522314589	63868.6299890161	55055.9939025141	63736.5005070564	64635.8634303859	56943.9994064456	3
Homo_sapiens_tRNA-Ile-TAT-3	1174.83244384891	1293.91879023884	1151.07400561294	1316.73712997076	1598.09170260357	1338.29291450446	1075.67037470126	1248.57876729754	1197.83604504007	902.884627002144	1
Homo_sapiens_tRNA-Leu-AAG-1	42101.6603710914	41513.2964891205	45416.5618121606	29443.7052674018	33339.6313191898	44549.3794977324	45410.2091497998	40819.9993809933	41341.9340808221	38481.5654818845	3
Homo_sapiens_tRNA-Leu-AAG-2	96148.6641103732	90585.8461016097	95112.1743172801	65129.2994775481	75429.0931233228	95322.0754762213	99030.4092807301	87856.0288831817	92116.4122531612	94834.0197878804	4
Homo_sapiens_tRNA-Leu-AAG-3	389.754839191581	489.234730364018	463.106518537298	368.913420034912	347.320452787101	607.574806052594	508.167599189837	534.938330610173	499.374860882356	716.080911070666	1
Homo_sapiens_tRNA-Leu-AAG-4	18186.5604195087	17771.4103990983	18023.6773948649	12924.5821258385	14239.0945148139	18660.7900230827	18808.6634169501	16894.3569500237	17060.8683783512	16500.9949072806	1
Homo_sapiens_tRNA-Leu-AAG-5	66.3868132688956	81.5391217273363	65.5844491570161	70.6295778528378	73.0834620093098	68.1867872789343	64.0349922678522	72.4152325280147	50.6011071658202	31.1339526552463	1
Homo_sapiens_tRNA-Leu-AAG-6	2.14151010544825	2.47088247658595	5.35383258424621	2.52248492331564	1.39206594303447	3.05313972890751	8.81215489924572	2.91996905354898	3.31810538792263	0	1
Homo_sapiens_tRNA-Leu-AAG-7	0	0	0	0	0	1.01771324296917	0	0	0	0	1
Homo_sapiens_tRNA-Leu-AAG-8	2.14151010544825	1.64725498439063	5.35383258424621	2.52248492331564	1.04404945727585	2.03542648593834	2.34990797313219	3.50396286425878	0.829526346980659	0	1
Homo_sapiens_tRNA-Leu-CAA-1	16724.3373195086	18147.8081630316	15449.8223799885	11504.4231140118	13904.9986884856	17079.2636435086	17006.871478551	16846.4694575455	14918.2018241002	17497.2813922484	2
Homo_sapiens_tRNA-Leu-CAA-2	13393.4325014944	12538.9049411815	5236.0482673928	9725.44062184343	11282.3464518086	12518.8906017637	8741.07018305847	12291.3177340091	11644.0613325675	12858.3224466167	1
Homo_sapiens_tRNA-Leu-CAA-3	12963.8455743415	13276.0515466963	4724.75725559728	9857.24045908668	11448.6983320013	12200.3463567144	10076.9928657841	12034.3604572968	12374.0445179105	12484.7150147538	1
Homo_sapiens_tRNA-Leu-CAA-4	14019.6100563275	17773.8812815749	21831.59082041	10962.7194767298	12596.4567020332	18102.0654526926	19382.0409623943	16724.9987449178	16597.163150389	16438.7270019701	1
Homo_sapiens_tRNA-Leu-CAA-5	0	0	0	0.630621230828909	0.348016485758618	0	0	0	0.829526346980659	0	1
Homo_sapiens_tRNA-Leu-CAA-6	2.14151010544825	4.11813746097658	8.03074887636932	0.630621230828909	0.348016485758618	3.05313972890751	1.1749539865661	0	4.97715808188395	0	1
Homo_sapiens_tRNA-Leu-CAG-1	64060.2766903367	69874.0855553741	77158.0967460104	47783.4319023681	53585.1423617117	71562.542105863	74005.6517978521	68991.8608096339	64284.1442592661	63139.6559848396	7
Homo_sapiens_tRNA-Leu-CAG-2	61784.2797502663	84749.6216919137	82984.4050558163	48405.8550571962	57388.2665180818	88789.3741696022	91633.4864583033	87503.296621513	75936.5008553034	75406.4333310067	2
Homo_sapiens_tRNA-Leu-TAA-1	10994.5128813713	17455.1374420953	10635.3884286051	10053.9942831053	9009.10276683334	16341.4215423559	12081.4643668659	15687.2417432865	13950.9741035207	15566.9763276232	1
Homo_sapiens_tRNA-Leu-TAA-2	267.260461159941	331.098251862517	396.18361123422	265.491538178971	268.320710519894	280.888855059491	292.563542654958	339.884397833101	278.720852585501	249.071621241971	1
Homo_sapiens_tRNA-Leu-TAA-3	3065.78586695971	3403.22879775105	1947.45660251956	2443.65726946202	2343.19499861277	2658.26699063547	2351.08292711876	2880.84146823142	2876.79737132892	3051.12736021414	1
Homo_sapiens_tRNA-Leu-TAA-4	95.0830486819021	169.667263392235	123.138149437663	119.187412626664	102.316846813034	105.842177268794	136.294662441667	126.142663113316	147.655689762557	124.535810620985	1
Homo_sapiens_tRNA-Leu-TAA-5	0	0	0	0	0	0	0	0	0	0	1
Homo_sapiens_tRNA-Leu-TAG-1	22103.8107043946	21447.259896766	17776.0626378435	14699.7808906219	17143.988121441	22457.8781326007	21961.0649629069	21848.9604400856	21457.3580173487	18711.5055458031	1
Homo_sapiens_tRNA-Leu-TAG-2	14606.8121272414	12714.3375970191	11703.4780291622	9756.34106215405	11028.2944172048	12835.3994203272	13413.8621876318	12993.2782944823	12191.5487215747	12702.6526833405	1
Homo_sapiens_tRNA-Leu-TAG-3	36042.4716787362	37918.9861131802	27383.5152102733	24133.8745038223	28627.1400855324	37447.7764882935	38177.1924084989	38168.0834865601	39114.655839179	36520.126464604	1
Homo_sapiens_tRNA-Leu-TAG-4	0	0	0	0	0	0	1.1749539865661	0	0	0	1
Homo_sapiens_tRNA-Lys-CTT-1	211035.541643419	207067.364185332	143797.250922123	211599.909034794	239535.918966313	212165.732901512	224115.423213563	231814.007186011	252012.592791765	249071.621241971	1
Homo_sapiens_tRNA-Lys-CTT-10	1.28490606326895	0	0	1.89186369248673	0	0	1.76243097984914	0.583993810709796	0	0	1
Homo_sapiens_tRNA-Lys-CTT-11	1.7132080843586	1.64725498439063	6.69229073030777	0	2.43611540031033	9.15941918672252	2.93738496641524	0	0	31.1339526552463	1
Homo_sapiens_tRNA-Lys-CTT-12	0.856604042179299	0.823627492195316	1.33845814606155	0	0.348016485758618	0	0.587476993283048	0	0.829526346980659	0	1
Homo_sapiens_tRNA-Lys-CTT-13	0	0.823627492195316	0	1.89186369248673	0.696032971517236	0	0	0	0.829526346980659	0	1
Homo_sapiens_tRNA-Lys-CTT-14	4.28302021089649	0.823627492195316	0	0	1.39206594303447	0	0	0	0	0	1
Homo_sapiens_tRNA-Lys-CTT-15	0	0	0	0	0	0	0	0	0	0	1
Homo_sapiens_tRNA-Lys-CTT-16	0	0	8.03074887636932	0	0	0	0	0	0	0	1
Homo_sapiens_tRNA-Lys-CTT-2	210679.622663893	194206.420894702	160258.947660534	228606.502387788	244813.936989329	211671.124265429	216787.822676344	223056.436000607	232304.705840199	238548.345244497	5
Homo_sapiens_tRNA-Lys-CTT-3	79.2358739015851	85.6572591883129	5008.51038256233	92.7013209318496	84.2199895535855	123.143302399269	1194.34072734444	197.389908019911	110.327004148428	62.2679053104927	1
Homo_sapiens_tRNA-Lys-CTT-4	2195.04785808445	2878.57808522263	3063.7306963349	3433.73260186341	3132.49638831332	3374.73711368576	3229.9485090702	3458.99534083412	3317.27586157565	3424.7347920771	1
Homo_sapiens_tRNA-Lys-CTT-5	103.649089103695	53.5357869926956	352.014492414189	141.889776936505	46.9822255774134	143.497567258653	99.2836118648351	133.734582652543	63.8735287175107	0	1
Homo_sapiens_tRNA-Lys-CTT-6	2.99811414762755	1.64725498439063	4.01537443818466	2.52248492331564	0	7.12399270078418	0	0.583993810709796	0	0	1
Homo_sapiens_tRNA-Lys-CTT-7	30.4094434973651	29.6505897190314	36.1383699436619	34.68416769559	33.0615661470687	52.9210886343968	34.6611426036998	33.2876472104584	27.3743694503617	31.1339526552463	1
Homo_sapiens_tRNA-Lys-CTT-8	1.7132080843586	0	0	1.26124246165782	0	0	1.1749539865661	1.16798762141959	0	0	1
Homo_sapiens_tRNA-Lys-CTT-9	0.856604042179299	0	0	1.89186369248673	0	0	0	0	0.829526346980659	0	1
Homo_sapiens_tRNA-Lys-TTT-1	738.820986379645	545.241399833299	730.798147749608	768.096659149611	898.92658271451	520.051467157245	432.970544049606	449.675234246543	440.47849024673	529.277195139188	1
Homo_sapiens_tRNA-Lys-TTT-10	0	0	0	0	0	0	0	0	0	0	1
Homo_sapiens_tRNA-Lys-TTT-11	0.428302021089649	0.823627492195316	1.33845814606155	2.52248492331564	1.04404945727585	4.07085297187668	1.76243097984914	2.33597524283918	0	0	1
Homo_sapiens_tRNA-Lys-TTT-12	0	0	0	0	0	0	0	0	0	0	1
Homo_sapiens_tRNA-Lys-TTT-13	3.85471818980684	0	0	1.89186369248673	0	0	1.1749539865661	0	0	0	1
Homo_sapiens_tRNA-Lys-TTT-14	0.428302021089649	0	0	0.630621230828909	1.04404945727585	0	1.1749539865661	0	1.65905269396132	0	1
Homo_sapiens_tRNA-Lys-TTT-15	0.428302021089649	0	1.33845814606155	0.630621230828909	0.348016485758618	0	0	0.583993810709796	0	0	1
Homo_sapiens_tRNA-Lys-TTT-2	240.705735852383	215.790402955173	303.829999155973	297.022599720416	308.690622867894	180.135244005543	200.917131702802	218.997679016173	209.040639439126	155.669763276232	1
Homo_sapiens_tRNA-Lys-TTT-3	41437.7922384025	55374.9471827677	47720.0482815326	48351.6216313449	51884.7338122951	49830.2935154994	48667.7690775543	51540.9577580038	52413.6222339729	53394.7288037475	5
Homo_sapiens_tRNA-Lys-TTT-4	17.132080843586	26.3560797502501	36.1383699436619	25.8554704639853	17.4008242879309	17.3011251304759	14.6869248320762	23.3597524283918	24.0562640624391	0	1
Homo_sapiens_tRNA-Lys-TTT-5	472.417129261883	588.893656919651	768.274975839332	717.016339452469	474.346470088996	934.260757045697	542.828741793536	791.311613511774	681.041130871121	622.679053104927	1
Homo_sapiens_tRNA-Lys-TTT-6	216.292520650273	220.732167908345	243.599382583203	302.698190797876	187.232869338136	272.747149115737	136.294662441667	157.678328891645	232.267377154584	124.535810620985	1
Homo_sapiens_tRNA-Lys-TTT-7	2.5698121265379	9.05990241414848	1.33845814606155	10.7205609240915	3.8281813433448	4.07085297187668	1.76243097984914	4.08795667496857	7.46573712282593	0	1
Homo_sapiens_tRNA-Lys-TTT-8	0	0	5.35383258424621	0.630621230828909	0	3.05313972890751	0.587476993283048	0.583993810709796	0	0	1
Homo_sapiens_tRNA-Lys-TTT-9	0.428302021089649	0	1.33845814606155	0	0.696032971517236	1.01771324296917	0	0.583993810709796	0	0	1
Homo_sapiens_tRNA-Met-CAT-1	46225.7805321637	48500.1285054134	33493.5766470443	36782.2445305578	46735.4818890106	41446.3718199194	41941.1575044634	43671.0571648785	49595.7212332796	45611.2406399359	1
Homo_sapiens_tRNA-Met-CAT-2	6034.77547715316	4293.57011681418	3988.60527526343	4331.10661333295	3597.44641328683	3790.98183006015	3866.18609279574	3513.30676523013	3668.99503269545	4296.485466424	1
Homo_sapiens_tRNA-Met-CAT-3	29802.11123146	27764.4827619041	22623.9580428784	23275.5990086642	29000.2137582656	23037.9746810931	25829.0134866825	26110.363276835	24789.56535317	25125.0997927838	1
Homo_sapiens_tRNA-Met-CAT-4	24619.6567762752	19848.5989344149	20511.8710883933	17994.7768217029	21289.5604997977	16936.7837894929	18648.8696747771	18187.3192469352	18172.4336833053	20735.2124683941	3
Homo_sapiens_tRNA-Met-CAT-5	289.960468277693	347.570801706424	353.35295056025	320.355585261086	326.787480127342	303.278546404812	247.327814172163	325.868546376066	273.743694503617	747.214863725912	2
Homo_sapiens_tRNA-Met-CAT-6	38046.0685333935	39636.2494344074	23954.3854400636	26221.230777866	37916.7441398872	31089.1041462222	33140.7521450833	33859.3771511433	38193.0520676835	32534.9805247324	1
Homo_sapiens_tRNA-Met-CAT-7	5.99622829525509	7.41264742975785	6.69229073030777	8.19807600077582	6.26429674365512	4.07085297187668	2.34990797313219	3.50396286425878	6.63621077584527	0	1
Homo_sapiens_tRNA-Phe-GAA-1	18895.4002644121	19245.703610128	20100.9644375524	18726.9280706953	20787.7207273338	18536.6290074404	16916.9874985787	19863.3814836723	18799.5556016227	19552.1222674947	6
Homo_sapiens_tRNA-Phe-GAA-11	0	0	0	0	0	0	0	0	0	0	1
Homo_sapiens_tRNA-Phe-GAA-12	0	0	0	0	0	0	0	0	0	0	1
Homo_sapiens_tRNA-Phe-GAA-2	707.126636819011	659.725621248448	697.33669409807	878.45537454467	651.486861340133	710.36384359248	618.61327392705	686.77672139472	664.450603931508	622.679053104927	1
Homo_sapiens_tRNA-Phe-GAA-3	5031.26384174011	4554.6600318401	4616.3421457663	5253.07485280481	4761.56155814941	4668.25064549958	4297.98168285878	4485.65646006194	4336.76374201488	4638.95894563171	1
Homo_sapiens_tRNA-Phe-GAA-4	3050.79529622157	3637.96263302671	3919.00545166823	3597.69412187893	3717.86011735931	3319.78059856543	2941.49730536822	3586.30599156886	3235.98227957155	3518.13665004284	1
Homo_sapiens_tRNA-Phe-GAA-5	928.55878172236	441.46433581669	1216.65845476995	1171.69424688011	471.214321717169	699.168997919819	525.204431995045	519.754491531718	706.756447627521	591.545100449681	1
Homo_sapiens_tRNA-Phe-GAA-6	0	0	0	0	0	0	0	0	0.829526346980659	0	1
Homo_sapiens_tRNA-Phe-GAA-7	0	0	0	0.630621230828909	0.348016485758618	0	0	0	0	0	1
Homo_sapiens_tRNA-Phe-GAA-8	8.56604042179299	1.64725498439063	2.67691629212311	3.78372738497345	0	1.01771324296917	0.587476993283048	0.583993810709796	0	0	1
Homo_sapiens_tRNA-Pro-AGG-1	1728.62695711782	2152.96226459856	2470.79373762963	2313.74929591127	2191.45981082202	2197.24289157044	2307.60962961581	2104.7136937981	2423.87598587748	1899.17111197003	1
Homo_sapiens_tRNA-Pro-AGG-2	9602.10301080885	12194.6286494439	13701.7960412321	12351.9780482458	11983.2516541265	11588.7006976899	12957.9800408442	11704.4039542457	13464.8716641901	12329.0452514776	8
Homo_sapiens_tRNA-Pro-AGG-3	0	0	4.01537443818466	0.630621230828909	0	0	0	0.583993810709796	0	0	1
Homo_sapiens_tRNA-Pro-AGG-4	0	0	0	0	0	0	0	0	0	0	1
Homo_sapiens_tRNA-Pro-CGG-1	3450.8293839193	3985.53343473314	3979.236068241	4105.3442126962	3936.41447041573	4028.10901567197	4325.59310154308	4112.48441501838	4471.97653657273	3985.14593987153	3
Homo_sapiens_tRNA-Pro-CGG-2	997.943709138883	1210.73241352712	1217.99691291601	1259.98121919616	1206.22513963937	1214.13189886222	1266.01292052497	1135.86796183055	1241.80094143005	1245.35810620985	1
Homo_sapiens_tRNA-Pro-GGG-1	0	0	0	0	0	0	0	0	0	0	1
Homo_sapiens_tRNA-Pro-TGG-1	1326.87966133573	1647.25498439063	1918.01052330621	1864.11635833025	1652.73029086768	1653.7840198249	1847.61514387519	1571.52734462006	1708.82427478016	1930.30506462527	1
Homo_sapiens_tRNA-Pro-TGG-2	807.349309753989	1261.79731804322	1330.42739718518	1167.27989826431	1119.91705117123	1304.70837748647	1320.06080390701	1143.45988136978	1223.55136179647	716.080911070666	1
Homo_sapiens_tRNA-Pro-TGG-3	7816.08358286501	9644.67793360715	8981.05416007303	9358.41906550101	9367.90776365048	9004.72677379121	10128.690841193	9497.49134357341	10802.0920903821	9869.46299171309	5
Homo_sapiens_tRNA-Pro-TGG-4	0	0	0	0	0	0	0	0	0	0	1
Homo_sapiens_tRNA-Pro-TGG-5	0	0	0	0	0	0	0	0	0	0	1
Homo_sapiens_tRNA-SeC-TCA-1	14551.5611665208	16099.4465899419	10721.049749953	16959.2967606818	14011.4917331277	18875.5275173492	17081.4810566979	20327.6565631866	19323.8162529144	21077.6859476018	1
Homo_sapiens_tRNA-SeC-TCA-2	0	0	6.69229073030777	0	0	0	0	0	0	0	1
Homo_sapiens_tRNA-SeC-TCA-3	0	0	0	0	0	0	0	0	0	31.1339526552463	1
Homo_sapiens_tRNA-Ser-ACT-1	3.42641616871719	2.47088247658595	6.69229073030777	3.15310615414454	3.8281813433448	5.08856621484584	2.34990797313219	1.16798762141959	4.14763173490329	0	1
Homo_sapiens_tRNA-Ser-AGA-1	95880.11874315	87774.8054707471	79363.8757707198	75514.3699068385	85968.7723945226	92160.0404303161	98311.3374409517	81603.7911457226	86166.2197662689	91814.0263803215	1
Homo_sapiens_tRNA-Ser-AGA-2	2712.43669956075	10040.8427573531	2318.20950897861	5031.72680078386	5347.96933665268	6946.91059650755	7974.4127068241	6287.27736610166	8844.40991150778	13076.2601152035	6
Homo_sapiens_tRNA-Ser-AGA-3	326.366140070313	214.966775462978	313.199206178404	288.193902488811	347.320452787101	240.180325340724	257.902400051258	206.149815180558	240.562640624391	280.205573897217	1
Homo_sapiens_tRNA-Ser-AGA-4	224.430259050976	348.394429198619	251.630131459572	264.230295717313	345.928386844066	197.436369136019	269.064462923636	251.701332415922	296.970432219076	217.937668586724	1
Homo_sapiens_tRNA-Ser-AGA-5	0	0	0	0	0	0	0	0	0	0	1
Homo_sapiens_tRNA-Ser-AGA-6	0	0	0	0	0	0	0	0	0	0	1
Homo_sapiens_tRNA-Ser-CGA-1	2824.22352706515	2582.89581552451	2302.14801122587	2938.06431443189	2707.91627568781	3062.29914809423	3039.01848625321	2856.31372818161	2781.40184142615	3269.06502880087	1
Homo_sapiens_tRNA-Ser-CGA-2	5865.59617882275	5337.92977691785	4420.92725644131	6320.08597536732	5438.45362294992	6132.74000213221	5690.88963393289	5918.19327773307	5868.89890488816	7658.9523531906	1
Homo_sapiens_tRNA-Ser-CGA-3	1879.81757056247	2065.65775042585	2144.20994999061	2243.11971805843	2145.86965118764	2471.00775392914	2090.24314210109	2483.72567694876	2162.57518657858	2770.92178631692	1
Homo_sapiens_tRNA-Ser-CGA-4	10714.8316615998	11912.1244196209	11229.6638454564	11950.9029454387	12040.3263577909	13546.7809771626	12311.7553482328	12945.390802004	12008.223398892	13948.0107895504	1
Homo_sapiens_tRNA-Ser-GCT-1	5321.2243100178	5314.86820713638	5213.29447890975	6354.77014306291	6234.36732587988	5717.51299900079	5474.11062341144	5522.82946788254	6374.90997654636	6693.79982087796	1
Homo_sapiens_tRNA-Ser-GCT-2	18677.8228376985	16872.8328051133	20507.8557139551	20501.4962142478	21366.1241266646	20348.1585799256	19172.3116757923	19925.8688214182	19654.7972653597	20579.5427051178	1
Homo_sapiens_tRNA-Ser-GCT-3	126188.482963538	129714.741000825	134848.319757555	140070.434685563	145918.440247788	153600.406621608	151493.867211886	150195.61619502	151385.240218582	154019.663785504	1
Homo_sapiens_tRNA-Ser-GCT-4	254.839702548341	480.998455442065	306.506915448096	405.489451422988	364.373260589273	373.500760169685	366.585643808622	388.939877932724	541.68070457837	560.411147794434	3
Homo_sapiens_tRNA-Ser-GCT-5	16097.7314626545	18044.031099015	18576.4606091883	18778.0083903924	19382.7781743262	20905.8654370727	19736.8770663373	19987.1881715428	20500.91413928	19334.184598908	1
Homo_sapiens_tRNA-Ser-GCT-6	143.481177065033	734.675723038222	96.3689865164319	490.623317584891	632.345954623409	286.995134517306	283.751387755712	272.141115790765	715.881237444308	560.411147794434	1
Homo_sapiens_tRNA-Ser-TGA-1	22047.7031396319	24101.8113041115	18577.7990673344	23172.8077480391	22570.6091838752	27662.463657145	27082.6893903485	26293.7373333979	26242.0659867331	28612.1024901714	1
Homo_sapiens_tRNA-Ser-TGA-2	16960.7600351501	15273.3482152699	11795.8316412405	13598.0856003638	15605.0592214164	16114.4714891738	16616.1992780177	14393.6954525643	14398.0888045433	15753.7800435547	1
Homo_sapiens_tRNA-Ser-TGA-3	232.56799745168	733.852095546027	179.353391572248	360.715344034136	400.218958622411	521.069180400214	552.815850679348	459.603129028609	644.541971603972	653.813005760173	1
Homo_sapiens_tRNA-Ser-TGA-4	4017.47295782091	3317.57153856273	3562.97558481586	3111.48515290984	3783.28721668193	3082.65341295361	3613.57098568403	3130.79081921522	3252.57280651116	3455.86874473234	1
Homo_sapiens_tRNA-Sup-TTA-1	0.856604042179299	0	0	0	0	0	0	0	0	0	1
Homo_sapiens_tRNA-Thr-AGT-1	14265.883718454	17938.606780014	15987.8825547053	18328.3754528114	18834.3041927706	16603.991559042	16249.6136342091	16647.3275680934	17883.758514556	17528.4153449037	3
Homo_sapiens_tRNA-Thr-AGT-2	6067.32643075597	7511.48272882129	6395.1530218821	7477.9065551692	8230.58988819131	6355.61920234246	6635.55263913203	6474.73937933951	6943.96505057509	7378.74677929338	2
Homo_sapiens_tRNA-Thr-AGT-3	573.92470826013	592.188166888433	698.675152244131	775.664113919558	854.032456051648	516.998327428338	548.116034733084	589.833748816894	622.974286582475	622.679053104927	1
Homo_sapiens_tRNA-Thr-AGT-4	342.641616871719	299.800407159095	325.245329492958	488.100832661576	459.381761201376	243.233465069631	231.465935353521	245.277400498114	272.084641809656	560.411147794434	1
Homo_sapiens_tRNA-Thr-AGT-5	173.034016520218	138.369418688813	156.599603089202	178.465808324581	155.911385619861	189.294663192265	213.84162555503	204.397833748429	154.291900538403	249.071621241971	1
Homo_sapiens_tRNA-Thr-AGT-6	1017.64560210901	1021.29809032219	1130.99713342201	1259.35059796533	1145.32225463161	826.383153290965	1040.42175510428	894.678518007407	944.83050921097	871.750674346898	1
Homo_sapiens_tRNA-Thr-AGT-7	0.428302021089649	0	0	1.26124246165782	0	0	0	0.583993810709796	0	0	1
Homo_sapiens_tRNA-Thr-CGT-1	218.005728734632	256.971777564939	244.937840729264	235.221719099183	259.968314861688	257.4814504712	269.064462923636	253.453313848051	267.107483727772	217.937668586724	1
Homo_sapiens_tRNA-Thr-CGT-2	9336.55575773327	9165.32673314948	7959.81059462806	9746.88174369162	10603.0182716078	9498.31769663125	9545.91366385625	9468.29165303792	9697.99252255088	9713.79322843686	1
Homo_sapiens_tRNA-Thr-CGT-3	185.026473110728	197.670598126876	226.199426684403	213.780597251	202.893611197274	176.064391033666	179.18048295133	181.622075130747	239.73311427741	249.071621241971	1
Homo_sapiens_tRNA-Thr-CGT-4	15676.2822739023	17659.3970601598	15273.1459047084	17527.4864896587	20370.7969773949	17580.9962722924	17200.7388863344	18123.0799277571	18483.506063423	17902.0227767667	1
Homo_sapiens_tRNA-Thr-CGT-5	0	6.58901993756253	0	0.630621230828909	1.39206594303447	2.03542648593834	0	0	4.97715808188395	0	1
Homo_sapiens_tRNA-Thr-CGT-6	0	0	2.67691629212311	0	0	0	0	0	0	0	1
Homo_sapiens_tRNA-Thr-TGT-1	1048.91164964855	1346.63094973934	1169.8124196578	1480.69864998628	1553.89360891223	1234.4861637216	1136.7679820027	1172.07557809456	1357.93463000734	1058.55439027838	1
Homo_sapiens_tRNA-Thr-TGT-2	20011.1270293506	23223.8243974313	16539.3273108826	21564.0929881945	24613.813971764	18997.6531065055	21543.3688206827	19527.5850425142	21839.7696633068	22011.7045272592	1
Homo_sapiens_tRNA-Thr-TGT-3	220.14723884008	291.564132237142	378.78365533542	353.778510495018	288.157650208136	300.225406675905	278.464094816165	364.996131693622	286.186589708327	93.401857965739	1
Homo_sapiens_tRNA-Thr-TGT-4	0.428302021089649	0.823627492195316	0	3.78372738497345	2.43611540031033	1.01771324296917	2.34990797313219	1.75198143212939	0	31.1339526552463	1
Homo_sapiens_tRNA-Trp-CCA-2	84527.5453721477	97076.854367601	50611.1178770255	63186.986086595	107971.41867364	84848.7884928256	84129.6428230989	84850.7967332691	89643.5942128118	86458.9865236191	1
Homo_sapiens_tRNA-Trp-CCA-4	13690.6741041306	15214.0470358319	9972.85164630464	10421.6464606785	17073.340774832	13675.0128457767	13412.099756652	13494.928977882	13400.1686091256	13045.1261625482	1
Homo_sapiens_tRNA-Trp-CCA-5	23.9849131810204	30.4742172112267	46.8460351121544	14.5042883090649	37.2377639761721	15.2656986445375	39.9484355432473	19.2717957534233	28.2038957973424	0	1
Homo_sapiens_tRNA-Tyr-ATA-1	0	0	0	0	0	0	0	0	0	0	1
Homo_sapiens_tRNA-Tyr-GTA-1	12022.0094299654	11258.1641908178	11296.5867527595	11501.9006290885	11755.6488724404	11734.2336914345	10080.5177277438	10558.0241038224	11260.8201602624	11083.6871452677	1
Homo_sapiens_tRNA-Tyr-GTA-10	0	0	0	0	0	1.01771324296917	0	0	0	0	1
Homo_sapiens_tRNA-Tyr-GTA-2	13177.1399808442	15475.96057835	10757.1881198967	11228.8416361396	13581.6913732158	16102.2589302582	13896.7682761105	13993.6596922281	15484.768319088	15784.9139962099	1
Homo_sapiens_tRNA-Tyr-GTA-4	4268.45794217945	4453.35385030008	3615.17545251226	3834.8077046706	4818.98427829958	4644.84324091129	4165.21188237681	4245.05101004951	4347.54758452563	4389.88732438974	1
Homo_sapiens_tRNA-Tyr-GTA-5	1002.65503137087	1327.68751741885	1006.52052583829	1205.11717211404	1126.18134791489	1483.82590824905	1121.49358017734	1160.97969569107	1446.69394913427	1183.09020089936	5
Homo_sapiens_tRNA-Tyr-GTA-6	6405.68502741679	6694.44425656353	4738.1418370579	5393.07276604883	6083.32817106064	6602.92352038397	6070.39977159374	6065.94371184265	6851.88762606024	7596.68444788011	1
Homo_sapiens_tRNA-Tyr-GTA-7	26.5547253075583	33.768727180008	28.1076210672926	37.8372738497345	41.7619782910341	37.6553899898592	25.8489877044541	25.1117338605212	26.5448431033811	0	1
Homo_sapiens_tRNA-Tyr-GTA-9	0	0	0	0	0	0	0	0.583993810709796	0	0	1
Homo_sapiens_tRNA-Val-AAC-1	88843.5448386681	70733.1290297338	74066.2584286082	66903.8676211006	64526.0846409911	68032.094866003	69141.3422934685	62981.3965098087	62451.7205587859	67280.4716879874	5
Homo_sapiens_tRNA-Val-AAC-2	59939.5829454331	41889.6942530538	55393.4288329035	41136.0535082006	50051.3829653187	40948.7100441075	42121.5129414013	36232.1440040572	37148.6783968348	38388.1636239187	1
Homo_sapiens_tRNA-Val-AAC-3	6020.21320843611	4920.35063837482	4627.04981093479	4835.60359799607	4550.31555129393	4347.67097396429	4485.38684371607	3926.77438321267	3960.15878048566	3922.87803456104	1
Homo_sapiens_tRNA-Val-AAC-4	9.85094648506193	9.05990241414848	2.67691629212311	8.19807600077582	6.61231322941374	8.14170594375335	5.28729293954743	4.08795667496857	4.97715808188395	0	1
Homo_sapiens_tRNA-Val-AAC-5	29.1245374340962	26.3560797502501	22.7537884830464	35.3147889264189	30.6254507467584	45.7970959336126	18.7992637850575	21.6077709962625	28.2038957973424	62.2679053104927	1
Homo_sapiens_tRNA-Val-AAC-6	1.7132080843586	1.64725498439063	1.33845814606155	3.15310615414454	1.39206594303447	0	3.52486195969829	3.50396286425878	3.31810538792263	0	1
Homo_sapiens_tRNA-Val-AAC-7	9.85094648506193	0.823627492195316	10.7076651684924	3.78372738497345	1.04404945727585	0	2.34990797313219	1.75198143212939	0	0	1
Homo_sapiens_tRNA-Val-CAC-1	125508.339354048	90911.1789610268	97371.491667832	92230.8774936512	93777.2182854887	89005.1293771116	90381.5729856171	78888.8039197328	77988.7490377336	90257.3287475592	8
Homo_sapiens_tRNA-Val-CAC-10	0	0	0	0	0	0	0	0	0	0	1
Homo_sapiens_tRNA-Val-CAC-11	0	0	1.33845814606155	0	0	1.01771324296917	0.587476993283048	2.33597524283918	0	0	1
Homo_sapiens_tRNA-Val-CAC-13	0	0	0	0	0	0	0	0	0	0	1
Homo_sapiens_tRNA-Val-CAC-14	20.1301949912135	12.3544123829297	17.3999558988002	16.3961520015516	4.52421431486203	13.2302721585992	7.63720091267963	4.08795667496857	5.80668442886461	31.1339526552463	1
Homo_sapiens_tRNA-Val-CAC-2	24351.9680130942	16286.4100306702	18555.0452788513	20295.2830717668	18334.2045027355	17101.6533348539	16344.784907121	15143.5435055157	14942.2580881626	18337.8981139401	1
Homo_sapiens_tRNA-Val-CAC-3	14540.8536159936	9026.13368696847	11945.7389535994	10935.6027638041	10271.0105441941	8738.08590413328	9017.77184689479	7829.60502018623	6103.65486108369	8063.6937377088	1
Homo_sapiens_tRNA-Val-CAC-4	1463.07970404224	1287.32977030128	1367.90422527491	1298.44911427672	1299.49355782268	1177.49422211533	1075.08289770798	989.285515342394	1052.66893431846	996.286484967883	1
Homo_sapiens_tRNA-Val-CAC-6	48.3981283831304	27.1797072424454	24.092246629108	32.7923040031033	36.5417310046549	19.3365516164142	30.5488036507185	29.1996905354898	36.499159267149	0	1
Homo_sapiens_tRNA-Val-CAC-7	28.6962354130065	2.47088247658595	6.69229073030777	27.1167129256431	3.48016485758618	9.15941918672252	7.63720091267963	6.42393191780776	6.63621077584527	93.401857965739	1
Homo_sapiens_tRNA-Val-CAC-8	0	0	0	0.630621230828909	0.696032971517236	0	0.587476993283048	0	0	0	2
Homo_sapiens_tRNA-Val-CAC-9	0	0	8.03074887636932	0	0.696032971517236	0	0	1.16798762141959	0	0	1
Homo_sapiens_tRNA-Val-TAC-1	35902.4169178399	25737.5355036114	22476.7276468117	29152.3582587588	24326.7003710131	24329.452786421	23882.7022079358	24243.3350639958	24244.5665432037	25716.6448932335	2
Homo_sapiens_tRNA-Val-TAC-2	30562.3473188941	23896.7280585549	27275.1001004423	26552.937545282	28619.4837228457	24033.2982327169	23262.3265030289	22537.4891429124	23167.8413448228	25156.233745439	1
Homo_sapiens_tRNA-Val-TAC-3	1077.17958304047	591.364539396237	1295.62748538758	1049.98434933013	844.636010936166	704.257564134665	787.219170999285	675.680838991234	636.246708134165	809.482769036405	1
Homo_sapiens_tRNA-Val-TAC-4	4026.89560228488	3307.68800865639	3323.39157667084	3212.38454984246	2841.55460621912	3611.86429929758	3263.43469768733	3150.06261496864	2803.79905279463	3051.12736021414	1
Homo_sapiens_tRNA-iMet-CAT-1	53938.215025925	50209.9791792109	41314.187594482	47259.3856595493	28339.33045181	52327.7618137458	46303.7616565833	48531.6376514162	45083.0979057048	44801.7578708995	8
Homo_sapiens_tRNA-iMet-CAT-2	3589.17093673126	2897.52151754312	4869.31073537193	3387.6972520129	1745.30267607947	3790.98183006015	3180.01296464114	3463.08329750909	2574.84978102796	3518.13665004284	1
Homo_sapiens_tRNA-iMet-CAT-3	13.7056646748688	22.2379422892735	104.399735392801	22.0717430790118	23.665121031586	38.6731032328284	48.760590442493	49.0554800996229	38.1582119611103	62.2679053104927	1
Homo_sapiens_tRX-Ala-AGC-1	0.428302021089649	2.47088247658595	4.01537443818466	0.630621230828909	0	1.01771324296917	1.1749539865661	0.583993810709796	0	0	2
Homo_sapiens_tRX-Ala-AGC-2	0	0	0	0	0	0	0	0	0	0	1
Homo_sapiens_tRX-Ala-AGC-5	9.42264446397228	4.9417649531719	14.7230396066771	8.82869723160472	3.13214837182756	10.1771324296917	7.63720091267963	2.91996905354898	5.80668442886461	0	1
Homo_sapiens_tRX-Ala-AGC-6	3.85471818980684	0	0	1.26124246165782	0.348016485758618	1.01771324296917	0	2.33597524283918	0	0	1
Homo_sapiens_tRX-Ala-GGC-3	0	0	0	0	0	0	0	0.583993810709796	0	0	1
Homo_sapiens_tRX-Ala-GGC-4	0	0	0	0	0	0	0	0	0	0	1
Homo_sapiens_tRX-Arg-ACG-1	45.8283162565925	54.3594144848909	77.6305724715701	47.2965923121682	55.3346212356202	73.2753534937802	88.1215489924572	78.2551706351127	53.9192125537428	0	1
Homo_sapiens_tRX-Asn-GTT-1	1.28490606326895	0	2.67691629212311	1.89186369248673	0	1.01771324296917	0	0	0	0	1
Homo_sapiens_tRX-Asn-GTT-2	0	0	0	0	0	0	0	0	0	0	1
Homo_sapiens_tRX-Asp-ATC-1	0.856604042179299	0	0	0	0	0	0	0	0	0	1
Homo_sapiens_tRX-Cys-GCA-1	0	0	0	0	0	0	0	0	0	0	1
Homo_sapiens_tRX-Cys-GCA-2	0	0	0	0	0.348016485758618	0	0	0	0	0	1
Homo_sapiens_tRX-Cys-GCA-3	0.856604042179299	0	0	1.26124246165782	1.39206594303447	5.08856621484584	1.1749539865661	1.16798762141959	0	0	1
Homo_sapiens_tRX-Gln-CTG-2	0	0	0	0	0	0	0	0	0	0	1
Homo_sapiens_tRX-Gln-CTG-3	0	0	0	0	0	0	0	0	0	0	1
Homo_sapiens_tRX-Gln-TTG-1	0	0	0	0	0	0	0	0	0	0	1
Homo_sapiens_tRX-Glu-CTC-1	1.28490606326895	1.64725498439063	6.69229073030777	0.630621230828909	1.04404945727585	3.05313972890751	0	1.16798762141959	0.829526346980659	0	1
Homo_sapiens_tRX-Glu-TTC-2	0	0	0	0	0	0	0	0	0	0	1
Homo_sapiens_tRX-Gly-CCC-1	0	0	0	0	0	0	0	0.583993810709796	0	0	1
Homo_sapiens_tRX-Gly-CCC-2	0	0	0	0	0	0	0	0	0	0	1
Homo_sapiens_tRX-Gly-CCC-3	2.5698121265379	0	1.33845814606155	1.89186369248673	1.39206594303447	2.03542648593834	0.587476993283048	0	0	0	1
Homo_sapiens_tRX-Ile-AAT-3	0	0	0	0	0	0	0	0	0	0	1
Homo_sapiens_tRX-Ile-GAT-1	0	0	0	0	0	0	0	0	0	0	2
Homo_sapiens_tRX-Ile-GAT-2	0	0	0	0	0	0	0	0	0	0	1
Homo_sapiens_tRX-Leu-CAA-3	0	0	0	0	0	0	0	0	0	0	1
Homo_sapiens_tRX-Leu-CAG-1	1.28490606326895	4.9417649531719	4.01537443818466	0	0	4.07085297187668	1.76243097984914	0.583993810709796	0	0	1
Homo_sapiens_tRX-Leu-TAA-2	0.428302021089649	0	0	0	0	0	0	0	0	0	1
Homo_sapiens_tRX-Lys-CTT-1	0	0	6.69229073030777	0	0	0	0.587476993283048	0	0	0	1
Homo_sapiens_tRX-Lys-CTT-3	50.111336467489	73.3028468053832	242.260924437141	90.178836008534	92.5723852117924	128.231868614115	176.243097984914	110.958824034861	91.2478981678724	31.1339526552463	1
Homo_sapiens_tRX-Lys-CTT-6	0.428302021089649	0	0	0.630621230828909	0	0	0	0	0	62.2679053104927	1
Homo_sapiens_tRX-Lys-TTT-2	0	3.29450996878127	0	0	0	3.05313972890751	0	0	0	0	1
Homo_sapiens_tRX-Met-CAT-1	0.428302021089649	2.47088247658595	0	0.630621230828909	2.78413188606894	0	2.34990797313219	4.08795667496857	0.829526346980659	0	1
Homo_sapiens_tRX-Met-CAT-2	2.14151010544825	0	0	0	0	0	0.587476993283048	0	0	0	1
Homo_sapiens_tRX-Phe-GAA-1	0	0	1.33845814606155	3.15310615414454	0	0	1.76243097984914	0.583993810709796	1.65905269396132	0	1
Homo_sapiens_tRX-Pro-GGG-1	0	0	0	0	0	0	0	0	0	0	1
Homo_sapiens_tRX-Pro-GGG-2	0	0	0	0	0	0	0	0	0	0	1
Homo_sapiens_tRX-Ser-GCT-1	0	0	0	0	0	0	0	0	0	0	1
Homo_sapiens_tRX-Ser-GGA-2	0	0	0	0	0	0	0	0	0	0	1
Homo_sapiens_tRX-Trp-CCA-1	8.13773840070334	11.5307848907344	20.0768721909233	10.0899396932625	18.4448737452067	14.2479854015684	13.5119708455101	12.8478638356155	15.7610005926325	31.1339526552463	1
Homo_sapiens_tRX-Tyr-GTA-1	0	0	0	0	0	0	0	0	0	0	1
Homo_sapiens_tRX-Val-AAC-1	166.181184182784	235.55746276786	309.183831740219	172.790217247121	243.263523545274	214.737494266495	235.578274306502	238.853468580307	222.313060990816	155.669763276232	1
Homo_sapiens_tRX-Val-CAC-4	1.7132080843586	0.823627492195316	6.69229073030777	1.26124246165782	1.39206594303447	0	0	0.583993810709796	0	0	1
Homo_sapiens_tRX-Val-TAC-2	8.99434244288264	0	6.69229073030777	6.30621230828909	0.348016485758618	0	0	7.00792572851755	0	0	1
Homo_sapiens_tRX-Val-TAC-3	0	0	2.67691629212311	0	0	0	0	0	0	0	1
