reference	canon_var1	canon_var2	cond	#samples	odds	consistent	pval_cor	avg_odds
Saccharomyces_cerevisiae_tRNA-Leu-CAA-1	26	37	WT	3	[-0.43323745  0.20236289  0.12312069]	False	[0.51138064 0.89406278 0.8814719 ]	-0.03591796007451277
Saccharomyces_cerevisiae_tRNA-Leu-CAA-1	26	Charged	WT	3	[-0.09588523 -0.36474493  0.1012934 ]	False	[1.         0.82611722 0.93243668]	-0.11977891908328636
Saccharomyces_cerevisiae_tRNA-Leu-CAA-1	37	Charged	WT	3	[-0.05246445 -0.03796208 -0.03792091]	True	[0.47770437 0.67598278 0.33833328]	-0.04278248277838161
Saccharomyces_cerevisiae_tRNA-Leu-CAA-1	26	37	Trm7	3	[-0.29423306  0.1304588   0.11533014]	False	[0.68250923 0.94451268 0.92388445]	-0.016148040106912804
Saccharomyces_cerevisiae_tRNA-Leu-CAA-1	26	Charged	Trm7	3	[0.68376773 0.20192533 0.20553509]	True	[0.367655   0.93243668 0.82200597]	0.36374271413002274
Saccharomyces_cerevisiae_tRNA-Leu-CAA-1	37	Charged	Trm7	3	[0.06656176 0.01917227 0.06409809]	True	[0.46603175 0.93921609 0.24522837]	0.049944039770814574
Saccharomyces_cerevisiae_tRNA-Ser-TGA-1	26	32	WT	3	[0.80857393 0.05710069 0.69584604]	True	[0.1691328  1.         0.07168532]	0.5205068869183577
Saccharomyces_cerevisiae_tRNA-Ser-TGA-1	26	Charged	WT	3	[ 0.17152046  0.03724972 -0.18176289]	False	[0.93921609 1.         0.93895224]	0.009002428672335713
Saccharomyces_cerevisiae_tRNA-Ser-TGA-1	32	Charged	WT	3	[ 0.06063819  0.03064993 -0.0123371 ]	False	[0.78964355 0.93016862 0.97873345]	0.026317006899344103
Saccharomyces_cerevisiae_tRNA-Ser-TGA-1	26	32	Trm7	3	[ 0.45859683  0.54544731 -0.3124615 ]	False	[0.6159207  0.48961438 0.75581944]	0.23052754808708295
Saccharomyces_cerevisiae_tRNA-Ser-TGA-1	26	Charged	Trm7	3	[0.18804969 0.35877551 0.74049923]	True	[0.92390891 0.76519752 0.35011194]	0.42910814261363717
Saccharomyces_cerevisiae_tRNA-Ser-TGA-1	32	Charged	Trm7	3	[-0.1438533   0.0543392  -0.10584942]	False	[0.35902598 0.85035498 0.43355859]	-0.06512117244340461
Saccharomyces_cerevisiae_tRNA-Ile-TAT-2	46	58	WT	3	[ 0.23134311 -0.11422745  0.10821781]	False	[0.33889517 0.69890376 0.73590312]	0.07511115923747462
Saccharomyces_cerevisiae_tRNA-Ile-TAT-2	46	Charged	WT	3	[ 0.18644218 -0.07515918  0.16111691]	False	[0.69771239 0.89944753 0.71792585]	0.09079996885303443
Saccharomyces_cerevisiae_tRNA-Ile-TAT-2	58	Charged	WT	3	[-0.08424088 -0.01666131 -0.09297754]	True	[0.93032058 1.         0.80900127]	-0.06462657994581392
Saccharomyces_cerevisiae_tRNA-Ile-TAT-2	46	58	Trm7	3	[ 0.13673337 -0.14910074  0.00096964]	False	[0.59397989 0.53558953 1.        ]	-0.003799240072522643
Saccharomyces_cerevisiae_tRNA-Ile-TAT-2	46	Charged	Trm7	3	[ 0.06323984 -0.22896831  0.1830361 ]	False	[0.96858096 0.59397989 0.76519752]	0.005769208142695141
Saccharomyces_cerevisiae_tRNA-Ile-TAT-2	58	Charged	Trm7	3	[-0.11780072 -0.17004067 -0.06593756]	True	[0.88947747 0.803113   0.94451268]	-0.11792632059337908
Saccharomyces_cerevisiae_tRNA-Arg-CCG-1	37	Charged	WT	3	[ 0.1685226  -0.22720377 -0.08690625]	False	[0.59397989 0.38768628 0.71879435]	-0.04852913947866825
Saccharomyces_cerevisiae_tRNA-Arg-CCG-1	37	Charged	Trm7	3	[ 0.18045651  0.32063291 -0.10493517]	False	[0.66337856 0.36150451 0.77506485]	0.13205141751260602
Saccharomyces_cerevisiae_tRNA-Gly-GCC-1	9	Charged	WT	3	[-0.08205988 -0.10832959 -0.17938223]	True	[1.86930739e-01 2.95874129e-02 3.63326925e-09]	-0.12325723343756602
Saccharomyces_cerevisiae_tRNA-Gly-GCC-1	9	Charged	Trm7	3	[-0.16332293 -0.14474321 -0.13202966]	True	[0.00315091 0.02871792 0.01287616]	-0.14669860214697186
Saccharomyces_cerevisiae_tRNA-Gly-CCC-1	9	Charged	WT	3	[-0.87298759 -0.86451741 -0.17235427]	True	[0.22867101 0.19718461 0.91396703]	-0.6366197572056823
Saccharomyces_cerevisiae_tRNA-Gly-CCC-1	9	Charged	Trm7	3	[-0.11740034 -0.4590385  -0.20815794]	True	[0.94451268 0.54935344 0.77506485]	-0.2615322602046097
Saccharomyces_cerevisiae_mito_tRNA-Lys-TTT-1	34	Charged	WT	2	[0.35614381 0.66847275]	True	[1.         0.79451009]	0.5123082802856354
Saccharomyces_cerevisiae_mito_tRNA-Lys-TTT-1	34	Charged	Trm7	2	[2.6813309  0.07162293]	True	[0.22435651 1.        ]	1.3764769115119482
Saccharomyces_cerevisiae_tRNA-Gln-TTG-3	34	58	WT	3	[0.79844983 1.0209786  1.04047658]	True	[4.83706383e-055 1.72015099e-100 6.30619992e-195]	0.9533016672921536
Saccharomyces_cerevisiae_tRNA-Gln-TTG-3	34	Charged	WT	3	[-0.10064442 -0.19153337 -0.01377632]	True	[0.33904443 0.00879477 0.94451268]	-0.10198470456561602
Saccharomyces_cerevisiae_tRNA-Gln-TTG-3	58	Charged	WT	3	[-0.08377536 -0.05430432  0.01874925]	False	[0.64734246 0.7864155  0.94239768]	-0.039776809357271826
Saccharomyces_cerevisiae_tRNA-Gln-TTG-3	34	58	Trm7	3	[0.58876673 0.75091573 0.64504497]	True	[5.51743460e-33 2.86000742e-51 2.58140627e-55]	0.6615758093228472
Saccharomyces_cerevisiae_tRNA-Gln-TTG-3	34	Charged	Trm7	3	[-0.1444256  -0.04262392 -0.06350881]	True	[0.16382516 0.85486906 0.6485001 ]	-0.08351944327989251
Saccharomyces_cerevisiae_tRNA-Gln-TTG-3	58	Charged	Trm7	3	[0.05658701 0.05748743 0.03265478]	True	[0.81029228 0.83019563 0.91507529]	0.04890973886067341
Saccharomyces_cerevisiae_tRNA-Arg-ACG-2	9	26	WT	2	[1.51641303 2.31625934]	True	[0.69890376 0.22519841]	1.9163361850572058
Saccharomyces_cerevisiae_tRNA-Arg-ACG-2	9	58	WT	3	[0.42412647 0.84898102 0.71816828]	True	[4.03313482e-01 6.97456726e-04 2.88917519e-05]	0.663758591460691
Saccharomyces_cerevisiae_tRNA-Arg-ACG-2	9	Charged	WT	3	[-0.16769498 -0.03132672 -0.24961957]	True	[0.91396703 1.         0.59307625]	-0.1495470888356132
Saccharomyces_cerevisiae_tRNA-Arg-ACG-2	26	58	WT	3	[2.26369483 4.47455831 2.06433073]	True	[0.40331348 0.02260645 0.03384097]	2.9341946218912622
Saccharomyces_cerevisiae_tRNA-Arg-ACG-2	58	Charged	WT	3	[ 0.22479952 -0.11614786 -0.18051414]	False	[0.8595237  0.97359045 0.77805924]	-0.023954158733896738
Saccharomyces_cerevisiae_tRNA-Arg-ACG-2	9	58	Trm7	3	[0.17847436 0.40392141 0.5944114 ]	True	[0.83179215 0.40717895 0.02355198]	0.39226905504981396
Saccharomyces_cerevisiae_tRNA-Arg-ACG-2	9	Charged	Trm7	3	[0.09724386 0.25387441 0.27101984]	True	[0.95715671 0.8900891  0.75890579]	0.20737936957693337
Saccharomyces_cerevisiae_tRNA-Arg-ACG-2	26	58	Trm7	3	[0.24659273 3.12264314 3.85093865]	True	[8.76382681e-01 1.11768738e-01 1.03131955e-05]	2.4067248413114704
Saccharomyces_cerevisiae_tRNA-Arg-ACG-2	58	Charged	Trm7	3	[-0.02766775 -2.02100873 -0.20506434]	True	[1.         0.16362876 0.93095129]	-0.7512469405115585
Saccharomyces_cerevisiae_tRNA-Arg-ACG-2	9	26	Trm7	2	[2.40219217 1.57663414]	True	[0.30240793 0.28773415]	1.9894131558379429
Saccharomyces_cerevisiae_tRNA-Glu-TTC-2	34	Charged	WT	3	[-0.27126633 -0.37565801 -0.08708537]	True	[0.43142393 0.15904728 0.739157  ]	-0.244669907156836
Saccharomyces_cerevisiae_tRNA-Glu-TTC-2	34	Charged	Trm7	3	[-0.59416314 -0.04873576  0.01860679]	False	[0.25097228 1.         1.        ]	-0.20809737028725903
Saccharomyces_cerevisiae_tRNA-Asp-GTC-1	37	Charged	WT	3	[ 0.03888758 -0.02949345 -0.00904274]	False	[0.73205267 0.77805924 0.94451268]	0.00011712986044711629
Saccharomyces_cerevisiae_tRNA-Asp-GTC-1	37	Charged	Trm7	3	[-0.05428275 -0.04347624  0.03963295]	False	[0.64595551 0.76519752 0.65828152]	-0.019375348148714094
Saccharomyces_cerevisiae_tRNA-Ala-AGC-1	9	26	WT	3	[ 0.19317791  0.32196907 -0.25472445]	False	[0.77813451 0.61207872 0.48961438]	0.08680751160212234
Saccharomyces_cerevisiae_tRNA-Ala-AGC-1	9	37	WT	3	[0.02749244 0.04583332 0.00051981]	True	[0.86106944 0.68799817 1.        ]	0.02461519360872999
Saccharomyces_cerevisiae_tRNA-Ala-AGC-1	9	Charged	WT	3	[ 0.00506175 -0.02457752 -0.02967562]	False	[1.         0.87956376 0.6453656 ]	-0.016397128389280025
Saccharomyces_cerevisiae_tRNA-Ala-AGC-1	26	37	WT	3	[0.52025318 0.190132   0.4400319 ]	True	[0.36150451 0.86442328 0.20994369]	0.3834723611919721
Saccharomyces_cerevisiae_tRNA-Ala-AGC-1	26	Charged	WT	3	[-0.67984843  0.31059834 -0.57668083]	False	[0.42635126 0.743162   0.19499108]	-0.3153103068916326
Saccharomyces_cerevisiae_tRNA-Ala-AGC-1	37	Charged	WT	3	[ 0.0865158  -0.08561992  0.06663341]	False	[0.49961251 0.46603175 0.29188325]	0.022509761561110356
Saccharomyces_cerevisiae_tRNA-Ala-AGC-1	9	26	Trm7	3	[-0.48218864  0.07015399 -0.0558775 ]	False	[0.40906587 0.98243966 0.96937014]	-0.1559707166470459
Saccharomyces_cerevisiae_tRNA-Ala-AGC-1	9	37	Trm7	3	[0.00102066 0.10326379 0.03513378]	True	[1.         0.15259584 0.60619857]	0.04647274232272521
Saccharomyces_cerevisiae_tRNA-Ala-AGC-1	9	Charged	Trm7	3	[-0.11634427  0.02693533 -0.06013458]	False	[0.20717521 0.91396703 0.41563565]	-0.04984783891525634
Saccharomyces_cerevisiae_tRNA-Ala-AGC-1	26	37	Trm7	3	[0.26804946 0.04998941 0.58680456]	True	[0.73885666 1.         0.07277407]	0.30161447635037736
Saccharomyces_cerevisiae_tRNA-Ala-AGC-1	26	Charged	Trm7	3	[0.18942756 0.40930238 0.08447225]	True	[0.90202697 0.70329982 0.94451268]	0.22773406300322174
Saccharomyces_cerevisiae_tRNA-Ala-AGC-1	37	Charged	Trm7	3	[ 0.00542127 -0.03931754 -0.07405813]	False	[1.         0.91116551 0.49000837]	-0.03598480040226095
Saccharomyces_cerevisiae_tRNA-Val-CAC-1	26	46	WT	3	[-0.07185687 -0.12279666  0.02529109]	False	[0.81029228 0.59397989 0.94239768]	-0.056454144461040905
Saccharomyces_cerevisiae_tRNA-Val-CAC-1	26	58	WT	3	[0.82444254 0.8986416  0.81818616]	True	[3.71688646e-36 4.18158615e-41 4.21492543e-84]	0.8470900979797138
Saccharomyces_cerevisiae_tRNA-Val-CAC-1	26	Charged	WT	3	[-0.13665557 -0.04859516 -0.18275066]	True	[0.5978983  0.92390891 0.08674617]	-0.12266713103654724
Saccharomyces_cerevisiae_tRNA-Val-CAC-1	46	58	WT	3	[-0.17715691 -0.12491265 -0.09886856]	True	[0.06292461 0.2640834  0.35375738]	-0.1336460402263914
Saccharomyces_cerevisiae_tRNA-Val-CAC-1	46	Charged	WT	3	[-0.02168974  0.05991851 -0.02461015]	False	[0.99932157 0.90287266 0.96937014]	0.0045395406215949985
Saccharomyces_cerevisiae_tRNA-Val-CAC-1	58	Charged	WT	3	[ 0.08717185 -0.26420177  0.02329861]	False	[0.739157   0.05208008 0.94239768]	-0.05124377219464305
Saccharomyces_cerevisiae_tRNA-Val-CAC-1	26	46	Trm7	3	[ 0.05216802 -0.20229757 -0.04379815]	False	[0.88495872 0.21445293 0.87191044]	-0.06464256661272265
Saccharomyces_cerevisiae_tRNA-Val-CAC-1	26	58	Trm7	3	[0.88018832 0.85750875 0.8291585 ]	True	[1.12978701e-33 6.11309689e-30 1.57444742e-53]	0.8556185207520746
Saccharomyces_cerevisiae_tRNA-Val-CAC-1	26	Charged	Trm7	3	[-0.13434532 -0.3364384  -0.18384381]	True	[0.6647281  0.12159965 0.25353655]	-0.21820917811014404
Saccharomyces_cerevisiae_tRNA-Val-CAC-1	46	58	Trm7	3	[-0.07974601 -0.27280172  0.06491603]	False	[0.66766087 0.00570077 0.77506485]	-0.09587723396318314
Saccharomyces_cerevisiae_tRNA-Val-CAC-1	46	Charged	Trm7	3	[0.02016098 0.31470174 0.13627507]	True	[1.         0.29361159 0.76398537]	0.1570459271883439
Saccharomyces_cerevisiae_tRNA-Val-CAC-1	58	Charged	Trm7	3	[-0.0146454   0.00957353 -0.15442972]	False	[1.         1.         0.48117624]	-0.05316719758009127
Saccharomyces_cerevisiae_tRNA-Ser-GCT-1	26	32	WT	3	[0.83430545 0.13274412 0.37231596]	True	[0.2269851  0.95475594 0.46654117]	0.4464551776696289
Saccharomyces_cerevisiae_tRNA-Ser-GCT-1	26	58	WT	3	[-0.01576939 -0.09478214  0.20442772]	False	[1.         1.         0.84106392]	0.031292060820488736
Saccharomyces_cerevisiae_tRNA-Ser-GCT-1	26	Charged	WT	3	[-1.18587026 -1.84598949 -0.53213075]	True	[0.54145    0.25215826 0.60398124]	-1.1879968338205595
Saccharomyces_cerevisiae_tRNA-Ser-GCT-1	32	58	WT	3	[-0.32105782 -0.01224015 -0.10269273]	True	[0.00102546 1.         0.16039604]	-0.1453302349237187
Saccharomyces_cerevisiae_tRNA-Ser-GCT-1	32	Charged	WT	3	[-0.02331639  0.07271583  0.01932248]	False	[0.97149118 0.71659535 0.93032058]	0.02290730899913387
Saccharomyces_cerevisiae_tRNA-Ser-GCT-1	58	Charged	WT	3	[-0.03933179 -0.01821883  0.19694095]	False	[0.95059669 1.         0.01606897]	0.046463443372438025
Saccharomyces_cerevisiae_tRNA-Ser-GCT-1	26	32	Trm7	3	[0.4665267  0.60742647 0.69016017]	True	[0.48117624 0.40331348 0.09450604]	0.5880377800559552
Saccharomyces_cerevisiae_tRNA-Ser-GCT-1	26	58	Trm7	3	[-0.17687939 -0.55025074 -0.30115986]	True	[1.         0.79491205 0.87191044]	-0.3427633291662264
Saccharomyces_cerevisiae_tRNA-Ser-GCT-1	26	Charged	Trm7	3	[0.32609273 0.39842349 0.70343498]	True	[0.82611722 0.78744436 0.39966841]	0.47598373584496984
Saccharomyces_cerevisiae_tRNA-Ser-GCT-1	32	58	Trm7	3	[-0.1573423  -0.20794438 -0.08430741]	True	[0.12259419 0.05450801 0.40331348]	-0.14986469870443106
Saccharomyces_cerevisiae_tRNA-Ser-GCT-1	32	Charged	Trm7	3	[ 0.01293434 -0.16894841 -0.05476397]	False	[1.         0.40277348 0.77370084]	-0.07025934900753537
Saccharomyces_cerevisiae_tRNA-Ser-GCT-1	58	Charged	Trm7	3	[ 0.00733073 -0.05430539 -0.00822536]	False	[1.         0.93921609 1.        ]	-0.018400004735029864
Saccharomyces_cerevisiae_tRNA-Pro-TGG-2	9	37	WT	3	[0.13100561 0.0598676  0.07375564]	True	[0.57976302 0.85372224 0.59647838]	0.08820961693814389
Saccharomyces_cerevisiae_tRNA-Pro-TGG-2	9	58	WT	3	[ 0.11202907  0.07507343 -0.10406748]	False	[0.80678905 0.91157991 0.68799817]	0.02767834034137361
Saccharomyces_cerevisiae_tRNA-Pro-TGG-2	9	Charged	WT	3	[-0.12733931  0.14132117 -0.09049488]	False	[0.7738362  0.6765971  0.67598278]	-0.025504339304073736
Saccharomyces_cerevisiae_tRNA-Pro-TGG-2	37	58	WT	3	[-0.00656568 -0.04652291 -0.01833501]	True	[1.         0.95059669 1.        ]	-0.023807869821765634
Saccharomyces_cerevisiae_tRNA-Pro-TGG-2	37	Charged	WT	3	[-0.04001545 -0.06576777  0.05962365]	False	[0.96937014 0.90202697 0.79451009]	-0.015386522466597352
Saccharomyces_cerevisiae_tRNA-Pro-TGG-2	58	Charged	WT	3	[-0.01267357  0.0841481   0.04603735]	False	[1.         0.91847169 0.94451268]	0.03917062822998322
Saccharomyces_cerevisiae_tRNA-Pro-TGG-2	9	37	Trm7	3	[-0.06668184 -0.12785271  0.06452132]	False	[0.81635441 0.58461677 0.72172168]	-0.04333774344640364
Saccharomyces_cerevisiae_tRNA-Pro-TGG-2	9	58	Trm7	3	[ 0.11468821 -0.02557963  0.07123428]	False	[0.78964355 1.         0.82423354]	0.05344762295526314
Saccharomyces_cerevisiae_tRNA-Pro-TGG-2	9	Charged	Trm7	3	[ 0.21362797 -0.00542359 -0.29750759]	False	[0.61612824 1.         0.20818112]	-0.029767735879484242
Saccharomyces_cerevisiae_tRNA-Pro-TGG-2	37	58	Trm7	3	[ 0.03076128 -0.01469791 -0.04257359]	False	[1.         1.         0.93299337]	-0.00883673927495268
Saccharomyces_cerevisiae_tRNA-Pro-TGG-2	37	Charged	Trm7	3	[ 0.02332107  0.39515432 -0.10472081]	False	[1.         0.193462   0.76845484]	0.10458486269907656
Saccharomyces_cerevisiae_tRNA-Pro-TGG-2	58	Charged	Trm7	3	[ 0.16822029 -0.02144926  0.09806441]	False	[0.8072072  1.         0.88495872]	0.08161181268823879
Saccharomyces_cerevisiae_mito_tRNA-Gly-TCC-1	26	Charged	WT	3	[-0.06515268 -0.85220916 -1.27039779]	True	[1.         0.62735015 0.2449317 ]	-0.7292532105381319
Saccharomyces_cerevisiae_mito_tRNA-Gly-TCC-1	26	Charged	Trm7	3	[-1.13906404  0.41097928 -1.4636562 ]	False	[0.78630954 1.         0.64417005]	-0.7305803198440283
Saccharomyces_cerevisiae_tRNA-Gly-CCC-2	9	Charged	WT	3	[-0.73484714 -0.01805024  0.45597685]	False	[0.18808323 1.         0.33904443]	-0.09897350825264482
Saccharomyces_cerevisiae_tRNA-Gly-CCC-2	9	Charged	Trm7	3	[ 0.08993026 -0.85977574  0.36687278]	False	[0.95715671 0.04577076 0.41556323]	-0.13432423044270278
Saccharomyces_cerevisiae_mito_tRNA-Leu-TAA-1	26	37	WT	3	[ 1.20945337 -1.2410081   1.4525122 ]	False	[0.75648358 0.68799817 0.58471811]	0.4736524902742205
Saccharomyces_cerevisiae_mito_tRNA-Leu-TAA-1	26	Charged	WT	3	[ 2.527247   -1.74671357 -0.68684211]	False	[0.25116705 0.76983924 1.        ]	0.031230439135576733
Saccharomyces_cerevisiae_mito_tRNA-Leu-TAA-1	37	Charged	WT	3	[-0.69401345  0.64457199  0.28950662]	False	[0.7738362  0.72172168 0.95475594]	0.08002171935754587
Saccharomyces_cerevisiae_mito_tRNA-Leu-TAA-1	26	37	Trm7	3	[0.05343926 1.05889369 0.56828376]	True	[1.         0.92163978 1.        ]	0.5602055691965182
Saccharomyces_cerevisiae_mito_tRNA-Leu-TAA-1	37	Charged	Trm7	3	[ 0.93441166  0.07214979 -0.6291623 ]	False	[0.47691519 1.         0.79393993]	0.1257997131655224
Saccharomyces_cerevisiae_mito_tRNA-Leu-TAA-1	26	Charged	Trm7	2	[-0.83650127  1.12553088]	False	[1.         0.87191044]	0.14451480718336918
Saccharomyces_cerevisiae_tRNA-Val-AAC-1	9	46	WT	3	[-0.01128172 -0.03270013  0.03204512]	False	[0.97149118 0.77303864 0.63601058]	-0.0039789087577640075
Saccharomyces_cerevisiae_tRNA-Val-AAC-1	9	58	WT	3	[0.06660278 0.06309804 0.08143178]	True	[0.2547619  0.27906154 0.00100789]	0.07037753078676602
Saccharomyces_cerevisiae_tRNA-Val-AAC-1	9	Charged	WT	3	[ 0.01784286 -0.03618846 -0.04185719]	False	[0.86442328 0.64226503 0.19955545]	-0.02006759790374468
Saccharomyces_cerevisiae_tRNA-Val-AAC-1	46	58	WT	3	[-0.00115984 -0.05635203  0.02172977]	False	[1.         0.40331348 0.79491205]	-0.011927369988065664
Saccharomyces_cerevisiae_tRNA-Val-AAC-1	46	Charged	WT	3	[0.04863244 0.03951296 0.08494405]	True	[0.49128374 0.61672622 0.03856069]	0.05769648254578674
Saccharomyces_cerevisiae_tRNA-Val-AAC-1	58	Charged	WT	3	[-0.00575012  0.00709133  0.00567379]	False	[1.         0.99530636 0.97118681]	0.0023383346535356155
Saccharomyces_cerevisiae_tRNA-Val-AAC-1	9	46	Trm7	3	[-0.02028085 -0.02581136 -0.07666092]	True	[0.91146714 0.85802311 0.16532631]	-0.0409177092368341
Saccharomyces_cerevisiae_tRNA-Val-AAC-1	9	58	Trm7	3	[ 0.02685402 -0.02131636  0.06163728]	False	[0.80058739 0.88171885 0.13686499]	0.022391644911831817
Saccharomyces_cerevisiae_tRNA-Val-AAC-1	9	Charged	Trm7	3	[-0.01919552 -0.12944485  0.03389363]	False	[0.92793829 0.12344859 0.67598278]	-0.03824891557969115
Saccharomyces_cerevisiae_tRNA-Val-AAC-1	46	58	Trm7	3	[-0.12836925 -0.04958599  0.05415554]	False	[0.01189178 0.56952825 0.5099269 ]	-0.04126656705341803
Saccharomyces_cerevisiae_tRNA-Val-AAC-1	46	Charged	Trm7	3	[ 0.04468277 -0.0721356   0.06298379]	False	[0.73205267 0.52554593 0.57042508]	0.0118436535868489
Saccharomyces_cerevisiae_tRNA-Val-AAC-1	58	Charged	Trm7	3	[ 0.04178458  0.05031813 -0.00610261]	False	[0.77506485 0.75647835 1.        ]	0.028666698549379217
Saccharomyces_cerevisiae_tRNA-Pro-TGG-1	9	37	WT	3	[ 0.04237533 -0.0052199   0.05468826]	False	[0.56745511 1.         0.06430915]	0.030614561305944647
Saccharomyces_cerevisiae_tRNA-Pro-TGG-1	9	58	WT	3	[-0.08505614 -0.09333917 -0.04196046]	True	[0.36669097 0.27526598 0.51166491]	-0.07345192252322648
Saccharomyces_cerevisiae_tRNA-Pro-TGG-1	9	Charged	WT	3	[-0.12590323  0.04536786  0.03937683]	False	[0.11539279 0.68799817 0.51301556]	-0.0137195150011657
Saccharomyces_cerevisiae_tRNA-Pro-TGG-1	37	58	WT	3	[ 0.03415095 -0.01395065  0.02451779]	False	[0.78976332 0.95475594 0.73885666]	0.01490603065980723
Saccharomyces_cerevisiae_tRNA-Pro-TGG-1	37	Charged	WT	3	[ 0.04075893 -0.02895754 -0.02640358]	False	[0.7477485  0.80823569 0.68799817]	-0.0048673963369194806
Saccharomyces_cerevisiae_tRNA-Pro-TGG-1	58	Charged	WT	3	[-0.09925415  0.06058137  0.04022436]	False	[0.46979642 0.65405363 0.66600792]	0.0005171932972880405
Saccharomyces_cerevisiae_tRNA-Pro-TGG-1	9	37	Trm7	3	[0.0365215  0.03349283 0.07919528]	True	[0.59307625 0.65398933 0.00431525]	0.049736537758049516
Saccharomyces_cerevisiae_tRNA-Pro-TGG-1	9	58	Trm7	3	[ 0.02927708  0.04811569 -0.05980177]	False	[0.83022407 0.68799817 0.32756048]	0.005863664733717797
Saccharomyces_cerevisiae_tRNA-Pro-TGG-1	9	Charged	Trm7	3	[-0.00044243  0.01515762  0.03748975]	False	[1.         0.97359045 0.71680176]	0.017401647379317927
Saccharomyces_cerevisiae_tRNA-Pro-TGG-1	37	58	Trm7	3	[ 0.01277445  0.02431392 -0.0368481 ]	False	[0.95715671 0.87243713 0.59397989]	8.009089904674933e-05
Saccharomyces_cerevisiae_tRNA-Pro-TGG-1	37	Charged	Trm7	3	[0.06614213 0.05654771 0.08384872]	True	[0.53296867 0.67668931 0.16091666]	0.0688461863276549
Saccharomyces_cerevisiae_tRNA-Pro-TGG-1	58	Charged	Trm7	3	[-0.00784606 -0.04717539 -0.00116946]	True	[1.         0.87191044 1.        ]	-0.018730300478675483
Saccharomyces_cerevisiae_tRNA-Thr-TGT-2	26	32	WT	3	[0.70961323 0.30617338 0.63404251]	True	[0.60403149 0.85486906 0.49851974]	0.5499430384614751
Saccharomyces_cerevisiae_tRNA-Thr-TGT-2	26	46	WT	3	[0.66576291 0.52805648 0.19918351]	True	[0.95475594 0.96937014 1.        ]	0.46433430051707597
Saccharomyces_cerevisiae_tRNA-Thr-TGT-2	26	58	WT	3	[0.83419902 0.38165837 0.42500863]	True	[0.38444167 0.77506485 0.54935344]	0.5469553400153659
Saccharomyces_cerevisiae_tRNA-Thr-TGT-2	26	Charged	WT	3	[ 0.17414375 -0.93286126 -0.46819583]	False	[0.94451268 0.26683428 0.48117624]	-0.4089711097242375
Saccharomyces_cerevisiae_tRNA-Thr-TGT-2	32	46	WT	3	[0.09681418 0.11343713 0.04541232]	True	[0.93921609 0.85802311 0.98243966]	0.0852212143647839
Saccharomyces_cerevisiae_tRNA-Thr-TGT-2	32	58	WT	3	[0.42859665 0.13896097 0.48310112]	True	[1.30848595e-02 6.41184245e-01 1.52200761e-06]	0.35021957850937424
Saccharomyces_cerevisiae_tRNA-Thr-TGT-2	32	Charged	WT	3	[0.12992109 0.16836306 0.04598495]	True	[0.6453656  0.41563565 0.86551658]	0.1147563655048569
Saccharomyces_cerevisiae_tRNA-Thr-TGT-2	46	58	WT	3	[-0.00181698  0.02415573  0.06998512]	False	[1.         0.99191354 0.79631526]	0.03077462198781851
Saccharomyces_cerevisiae_tRNA-Thr-TGT-2	46	Charged	WT	3	[ 0.00548835 -0.07262151  0.05813914]	False	[1.         0.76928416 0.79393993]	-0.0029980059599485653
Saccharomyces_cerevisiae_tRNA-Thr-TGT-2	58	Charged	WT	3	[-0.02006727 -0.06191538  0.02178799]	False	[0.96777775 0.6647281  0.91662902]	-0.0200648861633884
Saccharomyces_cerevisiae_tRNA-Thr-TGT-2	26	32	Trm7	3	[1.03661101 1.59719344 1.35346509]	True	[0.4615776  0.09456476 0.21292026]	1.329089846306406
Saccharomyces_cerevisiae_tRNA-Thr-TGT-2	26	46	Trm7	3	[-1.0675228   1.10867674  0.58198634]	False	[0.41563565 0.76519752 1.        ]	0.20771342414426078
Saccharomyces_cerevisiae_tRNA-Thr-TGT-2	26	58	Trm7	3	[0.75006466 0.72329217 0.90903569]	True	[0.58312654 0.51108574 0.40331348]	0.7941308417747935
Saccharomyces_cerevisiae_tRNA-Thr-TGT-2	26	Charged	Trm7	3	[-1.11599586 -0.40923869 -1.03551017]	True	[0.28773415 0.8072072  0.27906154]	-0.853581576768212
Saccharomyces_cerevisiae_tRNA-Thr-TGT-2	32	46	Trm7	3	[ 0.28065182 -0.18981174 -0.19850258]	False	[0.62924496 0.70333079 0.682319  ]	-0.03588750129199362
Saccharomyces_cerevisiae_tRNA-Thr-TGT-2	32	58	Trm7	3	[0.52286189 0.47245691 0.28538218]	True	[0.01762202 0.02958741 0.23264401]	0.4269003279896226
Saccharomyces_cerevisiae_tRNA-Thr-TGT-2	32	Charged	Trm7	3	[-0.0256372   0.107251    0.18816553]	False	[1.         0.7518611  0.36368103]	0.08992644428751113
Saccharomyces_cerevisiae_tRNA-Thr-TGT-2	46	58	Trm7	3	[ 0.04929822  0.08202879 -0.01096634]	False	[0.95475594 0.8595237  1.        ]	0.04012022178194118
Saccharomyces_cerevisiae_tRNA-Thr-TGT-2	46	Charged	Trm7	3	[-0.04017864 -0.16975047 -0.08256208]	True	[0.93243668 0.35375738 0.77155166]	-0.09749706327834451
Saccharomyces_cerevisiae_tRNA-Thr-TGT-2	58	Charged	Trm7	3	[-0.07170108 -0.01819907 -0.05092659]	True	[0.71680176 0.97359045 0.7957471 ]	-0.04694224867409654
Saccharomyces_cerevisiae_tRNA-Leu-TAG-1	26	37	WT	3	[-1.25215356  1.0294543  -0.2511767 ]	False	[0.09097751 0.3371808  0.80565073]	-0.15795865039027365
Saccharomyces_cerevisiae_tRNA-Leu-TAG-1	26	58	WT	3	[-2.58182768  0.44120172  0.06102737]	False	[0.24300171 0.73885666 1.        ]	-0.6931995319742873
Saccharomyces_cerevisiae_tRNA-Leu-TAG-1	26	Charged	WT	3	[-0.4428019   1.31883585 -0.51056902]	False	[0.97359045 0.08270312 0.74739727]	0.12182164380325762
Saccharomyces_cerevisiae_tRNA-Leu-TAG-1	37	58	WT	3	[-0.02857264  0.08339121  0.02507083]	False	[0.9238575  0.59307625 0.8900891 ]	0.02662979685687458
Saccharomyces_cerevisiae_tRNA-Leu-TAG-1	37	Charged	WT	3	[-0.10190551 -0.00228352  0.07745151]	False	[0.45314277 1.         0.40331348]	-0.008912504312436634
Saccharomyces_cerevisiae_tRNA-Leu-TAG-1	58	Charged	WT	3	[-0.16071066  0.02122081 -0.01938178]	False	[0.27502768 0.96858096 0.95059669]	-0.05295721035516714
Saccharomyces_cerevisiae_tRNA-Leu-TAG-1	26	37	Trm7	3	[-0.28668953 -0.69603188  0.29905039]	False	[0.88495872 0.57976302 0.80678905]	-0.22789033983150242
Saccharomyces_cerevisiae_tRNA-Leu-TAG-1	26	58	Trm7	3	[0.53973089 1.13771887 0.62984841]	True	[0.6491071  0.30689733 0.42396156]	0.7690993892971333
Saccharomyces_cerevisiae_tRNA-Leu-TAG-1	26	Charged	Trm7	3	[-1.17532554 -1.57692581  0.63765033]	False	[0.76845484 0.81635441 0.56745511]	-0.7048670057084877
Saccharomyces_cerevisiae_tRNA-Leu-TAG-1	37	58	Trm7	3	[-0.00371983  0.0557248  -0.05714714]	False	[1.         0.76352612 0.6647281 ]	-0.0017140533392687705
Saccharomyces_cerevisiae_tRNA-Leu-TAG-1	37	Charged	Trm7	3	[0.01784213 0.06948968 0.04270944]	True	[0.99191354 0.76845484 0.82611722]	0.04334708325585338
Saccharomyces_cerevisiae_tRNA-Leu-TAG-1	58	Charged	Trm7	3	[-0.14767721 -0.19369132  0.04940564]	False	[0.42319572 0.26854377 0.82611722]	-0.0973209606369924
Saccharomyces_cerevisiae_tRNA-Ile-TAT-1	46	58	WT	3	[0.27396412 0.02709035 0.00667183]	True	[0.1691328  0.98754708 1.        ]	0.10257543265462171
Saccharomyces_cerevisiae_tRNA-Ile-TAT-1	46	Charged	WT	3	[ 0.01368945 -0.18606528  0.1232593 ]	False	[1.         0.609651   0.79177224]	-0.016372175403239042
Saccharomyces_cerevisiae_tRNA-Ile-TAT-1	58	Charged	WT	3	[0.27567955 0.13457645 0.05901671]	True	[0.35793417 0.7518611  0.8900891 ]	0.15642423562171234
Saccharomyces_cerevisiae_tRNA-Ile-TAT-1	46	58	Trm7	3	[-0.02705678  0.13709438  0.0703962 ]	False	[0.97359045 0.58471811 0.87191044]	0.06014459928046767
Saccharomyces_cerevisiae_tRNA-Ile-TAT-1	46	Charged	Trm7	3	[ 0.00275322 -0.34991623 -0.18343819]	False	[1.        0.2784622 0.7118801]	-0.17686706455880974
Saccharomyces_cerevisiae_tRNA-Ile-TAT-1	58	Charged	Trm7	3	[0.18506234 0.01288572 0.21453196]	True	[0.682319  1.        0.4575931]	0.13749333772642658
Saccharomyces_cerevisiae_tRNA-Glu-TTC-1	34	Charged	WT	3	[-0.18502668 -0.34679517 -0.15821122]	True	[4.43504715e-05 3.30317668e-19 5.62071606e-11]	-0.23001102498442674
Saccharomyces_cerevisiae_tRNA-Glu-TTC-1	34	Charged	Trm7	3	[-0.27473269 -0.17755841 -0.15413342]	True	[2.36164117e-07 1.04584570e-02 9.58845775e-05]	-0.20214150720269133
Saccharomyces_cerevisiae_tRNA-Ala-TGC-1	9	26	WT	3	[-0.28648008  0.63873818  0.08385141]	False	[0.82190799 0.48091171 0.94481234]	0.1453698342650364
Saccharomyces_cerevisiae_tRNA-Ala-TGC-1	9	Charged	WT	3	[-0.13479481  0.00248711 -0.06974873]	False	[0.17124338 1.         0.27641983]	-0.06735214273734151
Saccharomyces_cerevisiae_tRNA-Ala-TGC-1	26	Charged	WT	3	[-0.04041691 -0.77750259  0.22453041]	False	[1.         0.6453656  0.77506485]	-0.19779636129187608
Saccharomyces_cerevisiae_tRNA-Ala-TGC-1	9	26	Trm7	3	[-0.0295717  -0.0465864  -0.09276976]	True	[1.         1.         0.99187862]	-0.05630928615501512
Saccharomyces_cerevisiae_tRNA-Ala-TGC-1	9	Charged	Trm7	3	[-0.15549309 -0.01237228 -0.01708021]	True	[0.17859618 1.         0.95059669]	-0.06164852457783105
Saccharomyces_cerevisiae_tRNA-Ala-TGC-1	26	Charged	Trm7	3	[ 0.07367098  1.08639282 -0.13153032]	False	[0.98122807 0.18791949 1.        ]	0.3428444907018952
Saccharomyces_cerevisiae_tRNA-Ser-AGA-2	26	Charged	WT	3	[-0.37786154  0.06027879 -0.08134983]	False	[0.49716968 0.96937014 0.90968619]	-0.13297752613728028
Saccharomyces_cerevisiae_tRNA-Ser-AGA-2	26	Charged	Trm7	3	[-0.20824459  0.24136759  0.04789261]	False	[0.78964355 0.69890376 0.98122807]	0.02700520322394684
Saccharomyces_cerevisiae_tRNA-Ile-AAT-1	7	9	WT	3	[-1.93960772 -2.04461563 -1.9452036 ]	True	[0. 0. 0.]	-1.9764756510992287
Saccharomyces_cerevisiae_tRNA-Ile-AAT-1	7	58	WT	3	[-0.06328241  0.02291387 -0.05467294]	False	[0.48961438 0.90202697 0.24511472]	-0.03168049628037043
Saccharomyces_cerevisiae_tRNA-Ile-AAT-1	7	Charged	WT	3	[ 0.021996   -0.02222735  0.04245893]	False	[0.92390891 0.91907872 0.49851974]	0.01407585893060921
Saccharomyces_cerevisiae_tRNA-Ile-AAT-1	9	58	WT	3	[0.06960128 0.12868148 0.16851505]	True	[4.96928909e-01 1.02028351e-01 9.23163359e-07]	0.12226593597991318
Saccharomyces_cerevisiae_tRNA-Ile-AAT-1	9	Charged	WT	3	[ 0.07410059 -0.03720407 -0.06130768]	False	[0.5524348  0.83530608 0.31592028]	-0.00813705106794991
Saccharomyces_cerevisiae_tRNA-Ile-AAT-1	58	Charged	WT	3	[ 0.01378352  0.12003233 -0.00125974]	False	[0.95548915 0.07684555 1.        ]	0.04418536812158824
Saccharomyces_cerevisiae_tRNA-Ile-AAT-1	7	9	Trm7	3	[-2.03513725 -2.07345545 -1.96589677]	True	[0. 0. 0.]	-2.024829824443731
Saccharomyces_cerevisiae_tRNA-Ile-AAT-1	7	58	Trm7	3	[ 0.04720557 -0.00288787 -0.0929513 ]	False	[0.72203824 1.         0.07684555]	-0.016211198004289443
Saccharomyces_cerevisiae_tRNA-Ile-AAT-1	7	Charged	Trm7	3	[0.05500114 0.01452396 0.03472642]	True	[0.76635373 0.99888519 0.78964355]	0.03475050519867737
Saccharomyces_cerevisiae_tRNA-Ile-AAT-1	9	58	Trm7	3	[0.10216613 0.09648542 0.07729574]	True	[0.29361386 0.38444167 0.25116705]	0.0919824324901768
Saccharomyces_cerevisiae_tRNA-Ile-AAT-1	9	Charged	Trm7	3	[-0.00735001  0.0152814  -0.05489238]	False	[1.         1.         0.66337856]	-0.01565366298990634
Saccharomyces_cerevisiae_tRNA-Ile-AAT-1	58	Charged	Trm7	3	[ 0.14007675 -0.04688381 -0.1117095 ]	False	[0.18791949 0.83465298 0.19499108]	-0.006172186107462119
Saccharomyces_cerevisiae_tRNA-Pro-AGG-1	9	34	WT	3	[0.11202325 0.39403217 0.19203454]	True	[0.97149118 0.60577413 0.84106392]	0.2326966558867932
Saccharomyces_cerevisiae_tRNA-Pro-AGG-1	9	37	WT	3	[-0.03219337 -0.10097753 -0.07078352]	True	[0.94451268 0.5983181  0.65668094]	-0.06798480830993354
Saccharomyces_cerevisiae_tRNA-Pro-AGG-1	9	46	WT	3	[ 0.07632743 -0.00540975 -0.0411341 ]	False	[0.9238575  1.         0.93210324]	0.009927860338768158
Saccharomyces_cerevisiae_tRNA-Pro-AGG-1	9	Charged	WT	3	[ 0.01929669 -0.07382434  0.00155223]	False	[1.         0.85786137 1.        ]	-0.017658471717231315
Saccharomyces_cerevisiae_tRNA-Pro-AGG-1	34	37	WT	3	[2.2548852  2.74674516 2.15885631]	True	[1.01954678e-08 1.01111676e-12 6.97934788e-14]	2.3868288888223987
Saccharomyces_cerevisiae_tRNA-Pro-AGG-1	34	46	WT	3	[ 2.91465444 -0.42407131 -0.24233541]	False	[0.09097751 0.75809839 0.79177224]	0.7494159068841171
Saccharomyces_cerevisiae_tRNA-Pro-AGG-1	34	Charged	WT	3	[-0.16407338  0.67336703  0.60888575]	False	[1.         0.33889517 0.27454413]	0.37272646463999615
Saccharomyces_cerevisiae_tRNA-Pro-AGG-1	37	46	WT	3	[-0.39975999 -0.34428741 -0.31989713]	True	[0.08353055 0.12728323 0.01352663]	-0.3546481776704146
Saccharomyces_cerevisiae_tRNA-Pro-AGG-1	37	Charged	WT	3	[-0.03365002 -0.11972971  0.1942427 ]	False	[0.98122807 0.66109289 0.12084396]	0.013620987728287626
Saccharomyces_cerevisiae_tRNA-Pro-AGG-1	46	Charged	WT	3	[0.05133055 0.00422955 0.45750548]	True	[1.         1.         0.01386486]	0.17102185860953487
Saccharomyces_cerevisiae_tRNA-Pro-AGG-1	9	34	Trm7	3	[-0.53355267 -0.06181103 -0.13122199]	True	[0.42912873 1.         0.91396703]	-0.2421952319452667
Saccharomyces_cerevisiae_tRNA-Pro-AGG-1	9	37	Trm7	3	[-0.00358421  0.10430783 -0.07467799]	False	[1.         0.57274403 0.60212137]	0.008681876585544243
Saccharomyces_cerevisiae_tRNA-Pro-AGG-1	9	46	Trm7	3	[-0.18285627  0.02588664 -0.02687275]	False	[0.57976302 1.         0.97359045]	-0.06128079358826049
Saccharomyces_cerevisiae_tRNA-Pro-AGG-1	9	58	Trm7	3	[-0.26749407 -0.29200716 -0.28824951]	True	[0.34148258 0.36659226 0.12681139]	-0.2825835808333779
Saccharomyces_cerevisiae_tRNA-Pro-AGG-1	9	Charged	Trm7	3	[0.0488378  0.310259   0.11711377]	True	[0.94965554 0.25665045 0.6453656 ]	0.15873685842590166
Saccharomyces_cerevisiae_tRNA-Pro-AGG-1	34	37	Trm7	3	[1.98502692 2.69819908 3.31775361]	True	[2.17265972e-08 1.17486358e-14 3.09844199e-30]	2.666993204536021
Saccharomyces_cerevisiae_tRNA-Pro-AGG-1	34	46	Trm7	3	[-0.94767159  0.54860127  0.12045125]	False	[0.16039604 0.74301455 1.        ]	-0.09287302296351939
Saccharomyces_cerevisiae_tRNA-Pro-AGG-1	34	58	Trm7	3	[0.36190844 1.7915942  0.00437801]	True	[0.93050831 0.27723041 1.        ]	0.719293550563605
Saccharomyces_cerevisiae_tRNA-Pro-AGG-1	34	Charged	Trm7	3	[-0.26771714  0.08359602  0.55366023]	False	[0.99653971 0.99372834 0.40874262]	0.12317970186930642
Saccharomyces_cerevisiae_tRNA-Pro-AGG-1	37	46	Trm7	3	[-0.12904195 -0.20176338 -0.30589064]	True	[0.70250181 0.40761895 0.03384097]	-0.2122319876745112
Saccharomyces_cerevisiae_tRNA-Pro-AGG-1	37	58	Trm7	3	[ 0.00632998  0.08172953 -0.2080479 ]	False	[1.         0.89406278 0.28771983]	-0.0399961333934922
Saccharomyces_cerevisiae_tRNA-Pro-AGG-1	37	Charged	Trm7	3	[-0.12875581 -0.00192167 -0.14125265]	True	[0.70250181 1.         0.48117624]	-0.09064337723677708
Saccharomyces_cerevisiae_tRNA-Pro-AGG-1	46	58	Trm7	3	[-0.22620189  0.34876971 -0.14695047]	False	[0.70975794 0.41716603 0.81873683]	-0.008127553126194722
Saccharomyces_cerevisiae_tRNA-Pro-AGG-1	46	Charged	Trm7	3	[-0.04892742 -0.04078714  0.24602677]	False	[0.98122807 1.         0.58312654]	0.05210406902229312
Saccharomyces_cerevisiae_tRNA-Pro-AGG-1	58	Charged	Trm7	3	[0.31119321 0.21026518 0.05072229]	True	[0.5978983  0.88396832 0.98880684]	0.19072689521297756
Saccharomyces_cerevisiae_tRNA-His-GTG-1	37	Charged	WT	3	[-0.07007256 -0.0693069  -0.09475544]	True	[0.36150451 0.26779937 0.00457858]	-0.07804496595361646
Saccharomyces_cerevisiae_tRNA-His-GTG-1	37	Charged	Trm7	3	[-0.07717403  0.02850249 -0.11344742]	False	[0.2547619  0.803113   0.00277829]	-0.05403965400367525
Saccharomyces_cerevisiae_tRNA-Met-CAT-1	26	46	WT	3	[ 0.98360201  0.64569786 -0.23085212]	False	[0.60398124 0.77155166 0.77506485]	0.46614925128533785
Saccharomyces_cerevisiae_tRNA-Met-CAT-1	26	58	WT	3	[0.47224227 0.41297251 0.47951424]	True	[0.5392502  0.6453656  0.26020869]	0.45490967311903113
Saccharomyces_cerevisiae_tRNA-Met-CAT-1	26	Charged	WT	3	[-1.21819631  0.18627452 -0.5391437 ]	False	[0.28779578 0.88495872 0.48091171]	-0.5236884954010034
Saccharomyces_cerevisiae_tRNA-Met-CAT-1	46	58	WT	3	[-0.04319522  0.04373178 -0.05032443]	False	[0.92390891 0.93032058 0.76845484]	-0.016595955134391736
Saccharomyces_cerevisiae_tRNA-Met-CAT-1	46	Charged	WT	3	[-0.22683387 -0.10513419  0.05865004]	False	[0.22308323 0.67598278 0.76519752]	-0.09110600501709648
Saccharomyces_cerevisiae_tRNA-Met-CAT-1	58	Charged	WT	3	[0.08402967 0.15462338 0.17255435]	True	[0.66539258 0.22755814 0.014194  ]	0.13706913349601627
Saccharomyces_cerevisiae_tRNA-Met-CAT-1	26	46	Trm7	3	[ 0.08341366 -0.07584212 -0.57226905]	False	[1.         0.98122807 0.46883477]	-0.18823250145426976
Saccharomyces_cerevisiae_tRNA-Met-CAT-1	26	58	Trm7	3	[1.29846451 1.19763136 0.97785376]	True	[0.01106355 0.0367887  0.01287616]	1.1579832104024412
Saccharomyces_cerevisiae_tRNA-Met-CAT-1	26	Charged	Trm7	3	[0.73195069 0.21022719 0.18688621]	True	[0.51108574 0.8900891  0.89419884]	0.3763546950931221
Saccharomyces_cerevisiae_tRNA-Met-CAT-1	46	58	Trm7	3	[0.04816998 0.03246207 0.08176463]	True	[0.92390891 0.96272969 0.66069135]	0.05413222623901511
Saccharomyces_cerevisiae_tRNA-Met-CAT-1	46	Charged	Trm7	3	[ 0.01535195  0.03715865 -0.07505993]	False	[1.         0.97359045 0.76845484]	-0.007516443861318549
Saccharomyces_cerevisiae_tRNA-Met-CAT-1	58	Charged	Trm7	3	[-0.02717368  0.1384429   0.09129488]	False	[0.97359045 0.48961438 0.59397989]	0.06752136630253534
Saccharomyces_cerevisiae_tRNA-Phe-GAA-2	26	37	WT	3	[0.45949069 1.1451591  1.93986697]	True	[7.78059236e-01 1.02028351e-01 2.61906235e-08]	1.1815055901391622
Saccharomyces_cerevisiae_tRNA-Phe-GAA-2	26	46	WT	3	[ 0.63099255  0.77767455 -0.3847375 ]	False	[0.82270744 0.64226503 0.64216734]	0.34130986685788617
Saccharomyces_cerevisiae_tRNA-Phe-GAA-2	26	58	WT	3	[1.43439104 0.98121954 1.31670615]	True	[3.55659544e-05 8.19542253e-03 7.41322366e-10]	1.244105578189196
Saccharomyces_cerevisiae_tRNA-Phe-GAA-2	26	Charged	WT	3	[ 1.1385028  -0.05859887  0.66458031]	False	[0.00626213 1.         0.03147538]	0.5814947455422291
Saccharomyces_cerevisiae_tRNA-Phe-GAA-2	37	46	WT	3	[ 0.32778087 -0.06209804 -0.02220317]	False	[0.28638273 0.91396342 0.98243966]	0.08115988934430972
Saccharomyces_cerevisiae_tRNA-Phe-GAA-2	37	58	WT	3	[0.36102488 0.41272584 0.43975205]	True	[1.32411585e-03 1.96962296e-05 6.52296825e-13]	0.404500923546319
Saccharomyces_cerevisiae_tRNA-Phe-GAA-2	37	Charged	WT	3	[1.04522302 0.78998518 1.02378807]	True	[3.38886578e-27 1.70489606e-18 3.22549313e-63]	0.952998755343649
Saccharomyces_cerevisiae_tRNA-Phe-GAA-2	46	58	WT	3	[0.24776732 0.10824068 0.20035414]	True	[1.11293090e-02 3.88280824e-01 7.65038553e-05]	0.1854540486980757
Saccharomyces_cerevisiae_tRNA-Phe-GAA-2	46	Charged	WT	3	[-0.00964064 -0.09579569  0.05151002]	False	[1.         0.49013976 0.6647227 ]	-0.017975438564001404
Saccharomyces_cerevisiae_tRNA-Phe-GAA-2	58	Charged	WT	3	[-0.06570583  0.104212    0.03584812]	False	[0.48961438 0.10293532 0.5503879 ]	0.024784764231361462
Saccharomyces_cerevisiae_tRNA-Phe-GAA-2	26	37	Trm7	3	[0.07574447 0.30866956 0.54848048]	True	[0.97359045 0.76853226 0.1691328 ]	0.3109648389027181
Saccharomyces_cerevisiae_tRNA-Phe-GAA-2	26	58	Trm7	3	[ 1.11796877  0.68197431 -0.17927844]	False	[0.03040446 0.40253914 0.93921609]	0.5402215466660336
Saccharomyces_cerevisiae_tRNA-Phe-GAA-2	26	Charged	Trm7	3	[ 0.27977648 -0.44256858  0.2981445 ]	False	[0.81914395 0.62735015 0.6453656 ]	0.04511746721820764
Saccharomyces_cerevisiae_tRNA-Phe-GAA-2	37	46	Trm7	3	[-0.20314603 -0.05390149 -0.06511802]	True	[0.01111504 0.74127467 0.47338517]	-0.10738851202118645
Saccharomyces_cerevisiae_tRNA-Phe-GAA-2	37	58	Trm7	3	[-0.0060645   0.15537031  0.05350949]	False	[1.         0.01488639 0.40761895]	0.06760509765248333
Saccharomyces_cerevisiae_tRNA-Phe-GAA-2	37	Charged	Trm7	3	[-0.02277275 -0.01058472 -0.02101052]	True	[0.84106392 0.95948737 0.74301455]	-0.018122663727136695
Saccharomyces_cerevisiae_tRNA-Phe-GAA-2	46	58	Trm7	3	[-0.00714837  0.02830407  0.01645746]	False	[1.         0.94451268 0.97221361]	0.012537719487163266
Saccharomyces_cerevisiae_tRNA-Phe-GAA-2	46	Charged	Trm7	3	[ 0.05319984  0.03988215 -0.05148561]	False	[0.73205267 0.80671328 0.58453537]	0.013865460063628132
Saccharomyces_cerevisiae_tRNA-Phe-GAA-2	58	Charged	Trm7	3	[-0.04776872  0.01249716 -0.01552867]	False	[0.65405363 0.96858096 0.89406278]	-0.016933411473426977
Saccharomyces_cerevisiae_tRNA-Phe-GAA-2	26	35	Trm7	2	[ 0.36951499 -0.37874232]	False	[1.         0.72894934]	-0.004613664357404151
Saccharomyces_cerevisiae_tRNA-Phe-GAA-2	26	46	Trm7	2	[ 0.92979148 -0.25239988]	False	[0.72203824 0.81464129]	0.338695801510798
Saccharomyces_cerevisiae_tRNA-Phe-GAA-2	35	37	Trm7	2	[-6.56563955 -6.93377305]	True	[0. 0.]	-6.749706297121211
Saccharomyces_cerevisiae_tRNA-Phe-GAA-2	35	46	Trm7	2	[-0.11332743 -0.08913766]	True	[0.76845484 0.72172168]	-0.10123254451757563
Saccharomyces_cerevisiae_tRNA-Phe-GAA-2	35	58	Trm7	2	[0.0227558  0.01178047]	True	[0.99893784 1.        ]	0.017268135860887008
Saccharomyces_cerevisiae_tRNA-Phe-GAA-2	35	Charged	Trm7	2	[0.0334918  0.07719868]	True	[0.91662902 0.40331348]	0.05534523855008333
Saccharomyces_cerevisiae_tRNA-Arg-ACG-1	9	26	WT	3	[ 0.01787257 -1.24884141  0.19760649]	False	[1.         0.40277348 0.86822319]	-0.3444541161544858
Saccharomyces_cerevisiae_tRNA-Arg-ACG-1	9	58	WT	3	[-0.00894344  0.19194712 -0.004129  ]	False	[1.         0.14571594 1.        ]	0.05962489269074749
Saccharomyces_cerevisiae_tRNA-Arg-ACG-1	9	Charged	WT	3	[-0.090015    0.08330769 -0.05854659]	False	[0.7476511  0.74547709 0.72185507]	-0.02175129937552045
Saccharomyces_cerevisiae_tRNA-Arg-ACG-1	26	58	WT	3	[-2.27679409  0.27487065  0.21472375]	False	[0.06989716 0.91165307 0.8595237 ]	-0.5957332314804878
Saccharomyces_cerevisiae_tRNA-Arg-ACG-1	26	Charged	WT	3	[-0.25046056 -0.10171746 -0.57673565]	True	[1.         1.         0.74501033]	-0.309637890256861
Saccharomyces_cerevisiae_tRNA-Arg-ACG-1	58	Charged	WT	3	[-0.0441998  -0.31253833 -0.05418703]	True	[0.93299337 0.0367887  0.74301455]	-0.13697505446095545
Saccharomyces_cerevisiae_tRNA-Arg-ACG-1	9	26	Trm7	3	[-0.44725928  0.08499999 -0.04462172]	False	[0.80211696 0.98997038 1.        ]	-0.13562700068469954
Saccharomyces_cerevisiae_tRNA-Arg-ACG-1	9	58	Trm7	3	[ 0.10178464  0.05959198 -0.04216347]	False	[0.57042508 0.76519752 0.803113  ]	0.03973771847641775
Saccharomyces_cerevisiae_tRNA-Arg-ACG-1	9	Charged	Trm7	3	[ 0.1130465  -0.13836268 -0.13218248]	False	[0.72804512 0.69765225 0.51720151]	-0.05249955529075956
Saccharomyces_cerevisiae_tRNA-Arg-ACG-1	26	58	Trm7	3	[-0.763525    0.67486353 -0.13572191]	False	[0.69313465 0.53168713 1.        ]	-0.07479445919799284
Saccharomyces_cerevisiae_tRNA-Arg-ACG-1	26	Charged	Trm7	2	[1.45368601 0.29854976]	True	[0.09456476 0.88396832]	0.876117887064211
Saccharomyces_cerevisiae_tRNA-Arg-ACG-1	58	Charged	Trm7	3	[ 0.03700189 -0.02289205 -0.12825952]	False	[0.95163119 1.         0.52217453]	-0.03804989632397159
Saccharomyces_cerevisiae_tRNA-Lys-TTT-1	26	34	WT	3	[0.33341179 0.23552818 0.55226614]	True	[0.55867657 0.76519752 0.10172488]	0.37373536993268724
Saccharomyces_cerevisiae_tRNA-Lys-TTT-1	26	46	WT	3	[ 0.13947248  0.49665761 -0.06458927]	False	[1.         0.76519752 0.96447248]	0.19051360693368335
Saccharomyces_cerevisiae_tRNA-Lys-TTT-1	26	58	WT	3	[ 0.16960334  0.15951943 -0.07905711]	False	[0.88732955 0.88746953 1.        ]	0.08335522143890883
Saccharomyces_cerevisiae_tRNA-Lys-TTT-1	26	Charged	WT	3	[0.63970971 1.01978628 0.68408549]	True	[0.27862555 0.02522368 0.13686499]	0.7811938270632485
Saccharomyces_cerevisiae_tRNA-Lys-TTT-1	34	46	WT	3	[-0.29162895 -0.1185881  -0.16937965]	True	[8.84755110e-05 2.30418894e-01 4.00170557e-03]	-0.19319890139458898
Saccharomyces_cerevisiae_tRNA-Lys-TTT-1	34	58	WT	3	[ 0.01999646 -0.03220829 -0.03162591]	False	[0.91913946 0.79177224 0.7118801 ]	-0.014612579048602225
Saccharomyces_cerevisiae_tRNA-Lys-TTT-1	34	Charged	WT	3	[-0.10164008 -0.1218609  -0.10548687]	True	[0.24744135 0.11318121 0.05728512]	-0.1096626155680069
Saccharomyces_cerevisiae_tRNA-Lys-TTT-1	46	58	WT	3	[ 0.09071504 -0.02450034  0.12668914]	False	[0.6453656  0.94451268 0.18783327]	0.06430128083826968
Saccharomyces_cerevisiae_tRNA-Lys-TTT-1	46	Charged	WT	3	[-0.01167323 -0.11026081  0.11934402]	False	[1.         0.50988449 0.33904443]	-0.0008633398445797904
Saccharomyces_cerevisiae_tRNA-Lys-TTT-1	58	Charged	WT	3	[-0.02234039 -0.12887814  0.08784935]	False	[0.94451268 0.18783327 0.26779937]	-0.02112306140687131
Saccharomyces_cerevisiae_tRNA-Lys-TTT-1	26	34	Trm7	3	[ 0.43013084 -0.24401872  0.52966075]	False	[0.64899928 0.91847169 0.51566356]	0.23859095989070758
Saccharomyces_cerevisiae_tRNA-Lys-TTT-1	26	46	Trm7	3	[-0.43963527 -0.1003758  -1.31621947]	True	[0.77805924 0.98105958 0.13244234]	-0.6187435133601279
Saccharomyces_cerevisiae_tRNA-Lys-TTT-1	26	58	Trm7	3	[1.21672915 0.07132242 0.81759071]	True	[0.0890791  0.99653971 0.39314326]	0.7018807597917479
Saccharomyces_cerevisiae_tRNA-Lys-TTT-1	26	Charged	Trm7	3	[0.12558026 0.04288681 0.09931176]	True	[0.96467352 0.96937014 0.9661244 ]	0.0892596109636697
Saccharomyces_cerevisiae_tRNA-Lys-TTT-1	34	46	Trm7	3	[-0.26317313 -0.1640111  -0.05548196]	True	[1.19482373e-04 5.28325251e-02 6.38541510e-01]	-0.16088873098771278
Saccharomyces_cerevisiae_tRNA-Lys-TTT-1	34	58	Trm7	3	[-0.06275195  0.02052261  0.04441022]	False	[0.50539379 0.9201049  0.60403149]	0.000726958759943617
Saccharomyces_cerevisiae_tRNA-Lys-TTT-1	34	Charged	Trm7	3	[-0.06437664 -0.00678614 -0.0828777 ]	True	[0.67598278 1.         0.40717895]	-0.05134682722077061
Saccharomyces_cerevisiae_tRNA-Lys-TTT-1	46	58	Trm7	3	[-0.10775034 -0.01162813  0.0271977 ]	False	[0.46254487 1.         0.93032058]	-0.030726921947328036
Saccharomyces_cerevisiae_tRNA-Lys-TTT-1	46	Charged	Trm7	3	[ 0.03407027 -0.04323376  0.00368872]	False	[0.95586891 0.93032058 1.        ]	-0.0018249227091972657
Saccharomyces_cerevisiae_tRNA-Lys-TTT-1	58	Charged	Trm7	3	[-0.00028171  0.01660049 -0.02646713]	False	[1.         0.98888863 0.93299337]	-0.0033827831515702046
Saccharomyces_cerevisiae_mito_tRNA-Ser-TGA-1	26	37	WT	3	[ 0.19264508 -1.169925   -1.62449086]	False	[1.         0.78443203 0.74301455]	-0.8672569294692368
Saccharomyces_cerevisiae_mito_tRNA-Ser-TGA-1	26	Charged	WT	2	[ 0.61297688 -1.22239242]	False	[1.        0.8759248]	-0.30470777222284773
Saccharomyces_cerevisiae_mito_tRNA-Ser-TGA-1	37	Charged	WT	3	[ 0.63226822 -0.49254687  0.11103131]	False	[0.73205267 0.79379924 1.        ]	0.08358422046283254
Saccharomyces_cerevisiae_mito_tRNA-Ser-TGA-1	26	Charged	Trm7	3	[0.76702283 0.8432745  0.36257008]	True	[1.         0.91396342 1.        ]	0.6576224679065471
Saccharomyces_cerevisiae_mito_tRNA-Ser-TGA-1	37	Charged	Trm7	3	[-0.83457639 -1.04730571  0.05444778]	False	[0.53558953 0.46040813 1.        ]	-0.6091447738495364
Saccharomyces_cerevisiae_mito_tRNA-Gln-TTG-1	34	Charged	WT	3	[-0.14086254 -1.06608919  0.86673347]	False	[1.         0.65828152 0.609651  ]	-0.11340608572036233
Saccharomyces_cerevisiae_mito_tRNA-Gln-TTG-1	34	Charged	Trm7	3	[ 1.88981708  1.5849625  -0.15723974]	False	[0.76519752 0.57792649 1.        ]	1.1058466137198455
Saccharomyces_cerevisiae_tRNA-Val-TAC-1	24	26	WT	2	[5.58858618 6.83629733]	True	[2.69887654e-17 8.97673165e-44]	6.2124417586449665
Saccharomyces_cerevisiae_tRNA-Val-TAC-1	24	58	WT	3	[ 0.01705689 -0.09341492 -0.02247075]	False	[1.         0.75809839 0.95059669]	-0.03294292460984665
Saccharomyces_cerevisiae_tRNA-Val-TAC-1	24	Charged	WT	3	[-0.10215025  0.19979848 -0.08144199]	False	[0.77185259 0.53296867 0.7121565 ]	0.005402079370986514
Saccharomyces_cerevisiae_tRNA-Val-TAC-1	26	58	WT	3	[0.91014242 1.18738781 1.13532642]	True	[1.26561735e-08 5.53681251e-14 9.31147027e-31]	1.0776188815651522
Saccharomyces_cerevisiae_tRNA-Val-TAC-1	26	Charged	WT	3	[-0.56952834 -0.05881685 -0.46472462]	True	[0.10293532 1.         0.02326307]	-0.36435660270710163
Saccharomyces_cerevisiae_tRNA-Val-TAC-1	58	Charged	WT	3	[ 0.06221116  0.11650589 -0.02375429]	False	[0.81029228 0.58471811 0.94451268]	0.05165425018053197
Saccharomyces_cerevisiae_tRNA-Val-TAC-1	24	58	Trm7	3	[-0.14268017 -0.11369041 -0.14243771]	True	[0.57976302 0.70367488 0.37867428]	-0.13293609436475276
Saccharomyces_cerevisiae_tRNA-Val-TAC-1	24	Charged	Trm7	3	[-0.05880709 -0.20891382 -0.06831211]	True	[0.94451268 0.6453656  0.87956376]	-0.11201100787480184
Saccharomyces_cerevisiae_tRNA-Val-TAC-1	26	58	Trm7	3	[1.10873594 1.24951024 1.19747149]	True	[1.01250294e-05 5.57572400e-08 2.92479029e-11]	1.185239220173654
Saccharomyces_cerevisiae_tRNA-Val-TAC-1	26	Charged	Trm7	3	[-0.47251387  0.70237716  0.1702754 ]	False	[0.74301455 0.22519841 0.81635441]	0.13337956289231562
Saccharomyces_cerevisiae_tRNA-Val-TAC-1	58	Charged	Trm7	3	[ 0.01585597  0.04838856 -0.072952  ]	False	[1.         0.94239768 0.803113  ]	-0.002902490455620748
Saccharomyces_cerevisiae_tRNA-Lys-CTT-1	9	26	WT	3	[0.71539028 0.36967204 0.30642642]	True	[0.19898497 0.74139297 0.66539258]	0.46382957705172495
Saccharomyces_cerevisiae_tRNA-Lys-CTT-1	9	46	WT	3	[-0.13396823 -0.0538384  -0.09470386]	True	[0.11742847 0.743162   0.24744135]	-0.09417016363759796
Saccharomyces_cerevisiae_tRNA-Lys-CTT-1	9	58	WT	3	[ 0.16429032 -0.0432198  -0.05678433]	False	[4.93935209e-05 6.58281519e-01 3.06842782e-01]	0.02142873096760868
Saccharomyces_cerevisiae_tRNA-Lys-CTT-1	9	Charged	WT	3	[-0.06318208 -0.05242277 -0.08779019]	True	[0.40081456 0.59995803 0.0735094 ]	-0.06779834452419681
Saccharomyces_cerevisiae_tRNA-Lys-CTT-1	26	46	WT	3	[-0.09264021 -0.80187895 -0.07881633]	True	[0.95059669 0.28699166 0.96447248]	-0.32444516503530474
Saccharomyces_cerevisiae_tRNA-Lys-CTT-1	26	58	WT	3	[-0.08157025 -0.31064004 -0.0705058 ]	True	[0.95475594 0.69586512 0.96447248]	-0.1542386969676994
Saccharomyces_cerevisiae_tRNA-Lys-CTT-1	26	Charged	WT	3	[ 0.70706765 -0.60933982 -0.24945358]	False	[0.10607859 0.5720836  0.79012295]	-0.0505752516225818
Saccharomyces_cerevisiae_tRNA-Lys-CTT-1	46	58	WT	3	[0.21894065 0.11985006 0.10633059]	True	[0.00026171 0.18693074 0.10403804]	0.14837376541588163
Saccharomyces_cerevisiae_tRNA-Lys-CTT-1	46	Charged	WT	3	[0.04097059 0.04621011 0.08204721]	True	[0.80823569 0.79931287 0.37198124]	0.056409303584817806
Saccharomyces_cerevisiae_tRNA-Lys-CTT-1	58	Charged	WT	3	[-0.19754813 -0.21690044 -0.02945472]	True	[1.32466375e-06 1.60318630e-06 7.16595349e-01]	-0.14796776491759292
Saccharomyces_cerevisiae_tRNA-Lys-CTT-1	9	26	Trm7	3	[ 0.27876692  0.30245277 -0.14523611]	False	[0.71680176 0.738633   0.88772338]	0.1453278590664218
Saccharomyces_cerevisiae_tRNA-Lys-CTT-1	9	46	Trm7	3	[ 0.00283711 -0.11679166 -0.05680603]	False	[1.         0.16845952 0.57042508]	-0.05692019366539194
Saccharomyces_cerevisiae_tRNA-Lys-CTT-1	9	58	Trm7	3	[0.23213656 0.24952519 0.27351975]	True	[1.20487802e-15 1.00239027e-16 5.74828647e-29]	0.25172716710649834
Saccharomyces_cerevisiae_tRNA-Lys-CTT-1	9	Charged	Trm7	3	[-0.10767573 -0.08184937 -0.04707206]	True	[0.207203   0.51820059 0.67598278]	-0.0788657223219016
Saccharomyces_cerevisiae_tRNA-Lys-CTT-1	26	46	Trm7	3	[ 0.953166   -0.07116315 -0.49671739]	False	[0.49128374 0.99932157 0.55007416]	0.12842848739818225
Saccharomyces_cerevisiae_tRNA-Lys-CTT-1	26	58	Trm7	3	[ 0.25313999 -0.32918951 -0.0250626 ]	False	[0.71659535 0.60584639 1.        ]	-0.03370404307227301
Saccharomyces_cerevisiae_tRNA-Lys-CTT-1	26	Charged	Trm7	3	[-0.54555378 -0.03949327  0.01120489]	False	[0.79177224 1.         1.        ]	-0.19128072072230431
Saccharomyces_cerevisiae_tRNA-Lys-CTT-1	46	58	Trm7	3	[0.16851026 0.10319378 0.10822343]	True	[0.00154239 0.13731556 0.0367887 ]	0.1266424922858674
Saccharomyces_cerevisiae_tRNA-Lys-CTT-1	46	Charged	Trm7	3	[0.11447855 0.10233157 0.15837839]	True	[0.54460737 0.67598278 0.23108767]	0.1250628367194577
Saccharomyces_cerevisiae_tRNA-Lys-CTT-1	58	Charged	Trm7	3	[-0.14357102 -0.1941367  -0.17008391]	True	[0.01149025 0.00154751 0.00023875]	-0.16926387414043106
Saccharomyces_cerevisiae_tRNA-Thr-AGT-1	9	26	WT	3	[0.31721744 0.52109646 0.32813717]	True	[0.74301455 0.45116631 0.54145   ]	0.3888170248085139
Saccharomyces_cerevisiae_tRNA-Thr-AGT-1	9	32	WT	3	[0.37300136 0.51310995 0.30289114]	True	[1.06013423e-03 1.87026361e-06 2.20506043e-05]	0.39633414728120964
Saccharomyces_cerevisiae_tRNA-Thr-AGT-1	9	58	WT	3	[ 0.01268932 -0.10099179 -0.03510386]	False	[0.98311963 0.26779937 0.6972947 ]	-0.041135443449886115
Saccharomyces_cerevisiae_tRNA-Thr-AGT-1	9	Charged	WT	3	[-0.01400037  0.05629425 -0.00201225]	False	[0.95163119 0.53168713 1.        ]	0.01342720927794091
Saccharomyces_cerevisiae_tRNA-Thr-AGT-1	26	32	WT	3	[0.98599159 1.18694637 1.28740201]	True	[3.78206615e-02 2.78033445e-03 1.53241091e-06]	1.1534466551322742
Saccharomyces_cerevisiae_tRNA-Thr-AGT-1	26	58	WT	3	[ 0.26381005 -0.35158879  0.13271716]	False	[0.6647281  0.5985691  0.78443203]	0.014979472069377414
Saccharomyces_cerevisiae_tRNA-Thr-AGT-1	26	Charged	WT	3	[-0.27718875 -0.01192734 -0.03189244]	True	[0.55867657 1.         1.        ]	-0.10700284453202542
Saccharomyces_cerevisiae_tRNA-Thr-AGT-1	32	58	WT	3	[0.16773604 0.20202262 0.27228672]	True	[1.50042438e-01 4.13102210e-02 1.51611702e-07]	0.21401512673011905
Saccharomyces_cerevisiae_tRNA-Thr-AGT-1	32	Charged	WT	3	[ 0.08454019  0.03102144 -0.01553354]	False	[0.49851974 0.88732955 0.93243668]	0.033342697396252896
Saccharomyces_cerevisiae_tRNA-Thr-AGT-1	58	Charged	WT	3	[0.04868321 0.01815939 0.05836195]	True	[0.48961438 0.86442328 0.09097751]	0.04173485006114259
Saccharomyces_cerevisiae_tRNA-Thr-AGT-1	9	26	Trm7	3	[0.16004388 0.44304423 0.7999158 ]	True	[0.89716569 0.44731416 0.03147538]	0.4676679728973847
Saccharomyces_cerevisiae_tRNA-Thr-AGT-1	9	32	Trm7	3	[0.5408057  0.5124696  0.41365364]	True	[1.76738568e-07 1.47595489e-07 5.22419716e-08]	0.4889763135582968
Saccharomyces_cerevisiae_tRNA-Thr-AGT-1	9	58	Trm7	3	[-0.12344173 -0.04995554 -0.00648428]	True	[0.07396534 0.64226503 1.        ]	-0.05996051708276551
Saccharomyces_cerevisiae_tRNA-Thr-AGT-1	9	Charged	Trm7	3	[-0.00201244 -0.07089107 -0.05089957]	True	[1.         0.23838736 0.33904443]	-0.04126769493469453
Saccharomyces_cerevisiae_tRNA-Thr-AGT-1	26	32	Trm7	3	[1.73485669 1.54404483 1.42281071]	True	[4.27663341e-05 3.84389897e-04 1.08734232e-04]	1.567237410168479
Saccharomyces_cerevisiae_tRNA-Thr-AGT-1	26	58	Trm7	3	[-0.0857611   0.3862761  -0.33992602]	False	[0.98880684 0.47770437 0.5503879 ]	-0.013137009416310888
Saccharomyces_cerevisiae_tRNA-Thr-AGT-1	26	Charged	Trm7	3	[ 0.04904851 -0.22485796  0.2334278 ]	False	[1.         0.69376619 0.60398124]	0.01920611838775821
Saccharomyces_cerevisiae_tRNA-Thr-AGT-1	32	58	Trm7	3	[0.13765763 0.33482869 0.2322285 ]	True	[0.41563565 0.00053881 0.00463676]	0.2349049392321455
Saccharomyces_cerevisiae_tRNA-Thr-AGT-1	32	Charged	Trm7	3	[-0.00614463  0.10564297 -0.03935271]	False	[1.         0.41563565 0.79393993]	0.020048542222156896
Saccharomyces_cerevisiae_tRNA-Thr-AGT-1	58	Charged	Trm7	3	[0.03193725 0.0364203  0.02795422]	True	[0.74301455 0.65398933 0.69890376]	0.03210392642925122
Saccharomyces_cerevisiae_tRNA-Gln-CTG-1	42	52	WT	3	[16.49992547 18.00665405 18.90108376]	True	[0. 0. 0.]	17.802554425234195
Saccharomyces_cerevisiae_tRNA-Gln-CTG-1	42	58	WT	3	[-0.9113228  -0.74782284 -0.66895237]	True	[2.52954883e-40 3.40419051e-27 2.80710164e-51]	-0.776032668168345
Saccharomyces_cerevisiae_tRNA-Gln-CTG-1	42	67	WT	3	[16.68081559 17.05244214 18.45804478]	True	[0. 0. 0.]	17.39710083990673
Saccharomyces_cerevisiae_tRNA-Gln-CTG-1	42	Charged	WT	3	[-0.61325935 -0.50207036 -0.48793061]	True	[1.09511749e-16 7.23171791e-12 2.27332300e-23]	-0.5344201063120965
Saccharomyces_cerevisiae_tRNA-Gln-CTG-1	52	58	WT	3	[-0.87360816 -0.7314386  -0.64836613]	True	[5.16905289e-38 2.28053536e-26 3.08792736e-48]	-0.7511376304745115
Saccharomyces_cerevisiae_tRNA-Gln-CTG-1	52	67	WT	3	[19.13576784 18.78995616 20.4770987 ]	True	[0. 0. 0.]	19.467607566589688
Saccharomyces_cerevisiae_tRNA-Gln-CTG-1	52	Charged	WT	3	[-0.63846862 -0.5058397  -0.49468844]	True	[3.20366653e-18 3.63878000e-12 6.40216102e-24]	-0.5463322539231695
Saccharomyces_cerevisiae_tRNA-Gln-CTG-1	58	67	WT	3	[-0.87389835 -0.72867937 -0.64741114]	True	[2.68462393e-38 2.73293518e-26 4.81537056e-48]	-0.7499962872497797
Saccharomyces_cerevisiae_tRNA-Gln-CTG-1	58	Charged	WT	3	[ 0.18238887 -0.17483735  0.0392971 ]	False	[0.24744135 0.35375738 0.81403917]	0.015616207668858685
Saccharomyces_cerevisiae_tRNA-Gln-CTG-1	67	Charged	WT	3	[-0.65276842 -0.51866665 -0.48880241]	True	[2.47306156e-19 6.52149555e-13 2.29107411e-23]	-0.5534124965679104
Saccharomyces_cerevisiae_tRNA-Gln-CTG-1	42	52	Trm7	3	[18.24338609 18.14443072 19.39584241]	True	[0. 0. 0.]	18.594553074722043
Saccharomyces_cerevisiae_tRNA-Gln-CTG-1	42	58	Trm7	3	[-0.77883382 -0.74195346 -0.68794902]	True	[4.94794849e-39 9.15078736e-33 5.04673030e-49]	-0.7362454347965667
Saccharomyces_cerevisiae_tRNA-Gln-CTG-1	42	67	Trm7	3	[17.37852009 17.49639675 17.70365799]	True	[0. 0. 0.]	17.526191612913074
Saccharomyces_cerevisiae_tRNA-Gln-CTG-1	42	Charged	Trm7	3	[-0.3139482  -0.6333529  -0.28030916]	True	[2.34063372e-04 3.13872233e-13 4.93602325e-05]	-0.40920341986875347
Saccharomyces_cerevisiae_tRNA-Gln-CTG-1	52	58	Trm7	3	[-0.74529853 -0.71556954 -0.66440896]	True	[1.60904849e-36 3.97005198e-31 5.98016901e-46]	-0.7084256756958677
Saccharomyces_cerevisiae_tRNA-Gln-CTG-1	52	67	Trm7	3	[18.92061067 18.79248699 19.54168931]	True	[0. 0. 0.]	19.084928989491814
Saccharomyces_cerevisiae_tRNA-Gln-CTG-1	52	Charged	Trm7	3	[-0.32138714 -0.64644423 -0.27958768]	True	[1.35833831e-04 7.68516780e-14 5.22763590e-05]	-0.4158063511845267
Saccharomyces_cerevisiae_tRNA-Gln-CTG-1	58	67	Trm7	3	[-0.74496821 -0.71331784 -0.66839237]	True	[1.27224788e-36 4.08332478e-31 2.53558102e-46]	-0.7088928068401801
Saccharomyces_cerevisiae_tRNA-Gln-CTG-1	58	Charged	Trm7	3	[ 0.09968836  0.06252776 -0.10264825]	False	[0.67598278 0.8595237  0.55867657]	0.019855956647624667
Saccharomyces_cerevisiae_tRNA-Gln-CTG-1	67	Charged	Trm7	3	[-0.32041004 -0.6549843  -0.27699651]	True	[1.28694363e-04 1.76954674e-14 6.27846801e-05]	-0.41746361541028304
Saccharomyces_cerevisiae_tRNA-Thr-TGT-1	26	Charged	WT	3	[-0.89235928  0.28020169 -0.48924016]	False	[1.         0.94451268 0.88661963]	-0.3671325830178234
Saccharomyces_cerevisiae_tRNA-Thr-TGT-1	32	46	WT	3	[ 1.10998626 -0.2461514   0.37345409]	False	[0.40331348 0.81635441 0.67576719]	0.4124296502411853
Saccharomyces_cerevisiae_tRNA-Thr-TGT-1	32	58	WT	3	[0.14854585 0.51072919 0.7353036 ]	True	[9.02026965e-01 3.66408535e-01 6.66563845e-04]	0.46485954885773123
Saccharomyces_cerevisiae_tRNA-Thr-TGT-1	32	Charged	WT	3	[-0.52919099  0.117714    0.40777147]	False	[0.36773424 0.92961423 0.12084396]	-0.0012351723869207982
Saccharomyces_cerevisiae_tRNA-Thr-TGT-1	46	58	WT	3	[-1.05444778  0.02391286  0.07994572]	False	[0.00106996 1.         0.94451268]	-0.3168630710008851
Saccharomyces_cerevisiae_tRNA-Thr-TGT-1	46	Charged	WT	3	[-0.63533919  0.06815766 -0.19599851]	False	[0.08432009 0.97359045 0.61350656]	-0.25439334774205674
Saccharomyces_cerevisiae_tRNA-Thr-TGT-1	58	Charged	WT	3	[-0.24786724  0.01881237  0.01798955]	False	[0.42912873 1.         0.99962401]	-0.07035510995863956
Saccharomyces_cerevisiae_tRNA-Thr-TGT-1	26	58	WT	2	[1.41840435 1.36868996]	True	[0.57792649 0.23708133]	1.3935471540850384
Saccharomyces_cerevisiae_tRNA-Thr-TGT-1	26	Charged	Trm7	3	[-0.81927262  1.47256176  0.63859271]	False	[0.94239768 0.45487585 0.80565073]	0.430627283966924
Saccharomyces_cerevisiae_tRNA-Thr-TGT-1	32	46	Trm7	3	[ 0.13909474  0.46200512 -0.09321427]	False	[1.         0.87191044 0.95163119]	0.1692951978937424
Saccharomyces_cerevisiae_tRNA-Thr-TGT-1	32	58	Trm7	3	[0.33212569 0.69094412 0.57701479]	True	[0.74898377 0.2784622  0.25285239]	0.5333615343671502
Saccharomyces_cerevisiae_tRNA-Thr-TGT-1	32	Charged	Trm7	3	[ 0.31666278  0.13124453 -0.13248939]	False	[0.6453656  0.94451268 0.91396703]	0.10513930826331037
Saccharomyces_cerevisiae_tRNA-Thr-TGT-1	46	58	Trm7	3	[ 0.03840239 -0.42626475 -0.25673311]	False	[1.         0.47770437 0.682319  ]	-0.21486515741077028
Saccharomyces_cerevisiae_tRNA-Thr-TGT-1	46	Charged	Trm7	3	[-0.66262431 -0.00585273  0.28601159]	False	[0.07052116 1.         0.5524348 ]	-0.12748847920588888
Saccharomyces_cerevisiae_tRNA-Thr-TGT-1	58	Charged	Trm7	3	[0.02912077 0.28452503 0.11604174]	True	[1.         0.38828082 0.77506485]	0.1432291804382804
Saccharomyces_cerevisiae_tRNA-Thr-TGT-1	26	32	Trm7	2	[2.28456757 1.87729701]	True	[0.33889517 0.41906506]	2.0809322879318644
Saccharomyces_cerevisiae_tRNA-Thr-TGT-1	26	46	Trm7	2	[-0.34146828 -0.24200071]	True	[0.85802311 0.87191044]	-0.2917344936223023
Saccharomyces_cerevisiae_tRNA-Thr-TGT-1	26	58	Trm7	2	[0.66404106 0.3632149 ]	True	[0.89754712 0.91847169]	0.5136279838383175
Saccharomyces_cerevisiae_mito_tRNA-Tyr-GTA-1	26	Charged	WT	3	[-1.1627295  -0.60310985 -1.2451125 ]	True	[0.9238575  1.         0.91208173]	-1.0036506151020186
Saccharomyces_cerevisiae_mito_tRNA-Tyr-GTA-1	48	Charged	Trm7	2	[-2.68038207 -0.26006284]	True	[0.10607859 1.        ]	-1.470222452551171
Saccharomyces_cerevisiae_mito_tRNA-Glu-TTC-1	34	Charged	WT	3	[0.8259706  0.70537925 2.08191756]	True	[0.78964355 0.94451268 0.16491138]	1.20442247111266
Saccharomyces_cerevisiae_mito_tRNA-Glu-TTC-1	34	Charged	Trm7	3	[0.61573485 1.63911827 1.95317473]	True	[0.75004106 0.29595663 0.04221527]	1.402675948988892
Saccharomyces_cerevisiae_tRNA-Cys-GCA-1	46	58	WT	3	[ 0.05483867 -0.02953695  0.14691033]	False	[0.76845484 0.90202697 0.0735094 ]	0.05740401793876862
Saccharomyces_cerevisiae_tRNA-Cys-GCA-1	46	Charged	WT	3	[0.09769593 0.1821258  0.02480333]	True	[0.4095809  0.02554953 0.89079812]	0.10154168455372596
Saccharomyces_cerevisiae_tRNA-Cys-GCA-1	58	Charged	WT	3	[ 0.04458696 -0.10849986 -0.06266422]	False	[0.7477485  0.22501872 0.36368103]	-0.042192374010699724
Saccharomyces_cerevisiae_tRNA-Cys-GCA-1	46	58	Trm7	3	[ 0.06691195 -0.04655992  0.07684702]	False	[0.72203824 0.81465897 0.69313465]	0.03239968390681508
Saccharomyces_cerevisiae_tRNA-Cys-GCA-1	46	Charged	Trm7	3	[0.09800355 0.0592287  0.20162655]	True	[0.5289807  0.78443203 0.0501265 ]	0.11961960110527807
Saccharomyces_cerevisiae_tRNA-Cys-GCA-1	58	Charged	Trm7	3	[ 0.10491486 -0.01156187  0.0009196 ]	False	[0.4155569 1.        1.       ]	0.03142419663117259
Saccharomyces_cerevisiae_tRNA-Asn-GTT-1	26	58	WT	3	[0.3031351  0.46035746 0.47979174]	True	[0.66539258 0.47577914 0.06381214]	0.414428098481846
Saccharomyces_cerevisiae_tRNA-Asn-GTT-1	26	Charged	WT	3	[-0.19840264 -0.17372829 -0.24914659]	True	[0.93243668 0.9661244  0.66539258]	-0.20709250522807987
Saccharomyces_cerevisiae_tRNA-Asn-GTT-1	58	Charged	WT	3	[-0.04551626 -0.03076106 -0.03983382]	True	[0.66600792 0.80058739 0.4204939 ]	-0.03870371485143068
Saccharomyces_cerevisiae_tRNA-Asn-GTT-1	9	26	Trm7	3	[ 2.47894279  0.50889865 -0.09522135]	False	[0.27788551 0.96980884 0.94451268]	0.9642066969511228
Saccharomyces_cerevisiae_tRNA-Asn-GTT-1	9	58	Trm7	3	[-0.12922141  0.08792358  0.07133926]	False	[0.42912873 0.73205267 0.62735015]	0.01001381157487089
Saccharomyces_cerevisiae_tRNA-Asn-GTT-1	9	Charged	Trm7	3	[0.02801517 0.17291057 0.28285205]	True	[0.99191354 0.54145    0.01161797]	0.1612592601112484
Saccharomyces_cerevisiae_tRNA-Asn-GTT-1	26	58	Trm7	3	[-0.87600307  0.54775062  0.40630052]	False	[0.35375738 0.54145    0.3859478 ]	0.026016025759194133
Saccharomyces_cerevisiae_tRNA-Asn-GTT-1	26	Charged	Trm7	3	[ 0.71506921 -0.80881762 -0.96391053]	False	[0.36902746 0.7970781  0.24522837]	-0.3525529797461325
Saccharomyces_cerevisiae_tRNA-Asn-GTT-1	58	Charged	Trm7	3	[-0.00636155 -0.11453247 -0.05462004]	True	[1.         0.40331348 0.61843622]	-0.058504686615651745
Saccharomyces_cerevisiae_tRNA-Arg-CCT-1	9	24	WT	3	[-0.1657372   0.06882222 -0.05039651]	False	[0.78964355 0.94451268 0.94451268]	-0.049103831415704347
Saccharomyces_cerevisiae_tRNA-Arg-CCT-1	9	26	WT	3	[-0.12616526  0.21919579  0.14228201]	False	[0.94451268 0.99636076 0.97359045]	0.0784375130704153
Saccharomyces_cerevisiae_tRNA-Arg-CCT-1	9	32	WT	3	[0.22361837 0.22803489 0.13584613]	True	[0.1855595  0.20918645 0.23674769]	0.1958331278171307
Saccharomyces_cerevisiae_tRNA-Arg-CCT-1	9	Charged	WT	3	[0.48220816 0.12229765 0.28407279]	True	[0.06764006 0.85486906 0.11308101]	0.2961928651182471
Saccharomyces_cerevisiae_tRNA-Arg-CCT-1	24	32	WT	3	[-0.15258582  0.2123484   0.23822447]	False	[0.74188154 0.63191284 0.16403615]	0.09932901609475997
Saccharomyces_cerevisiae_tRNA-Arg-CCT-1	24	Charged	WT	3	[ 0.35188722 -0.00522167  0.1453399 ]	False	[0.6647281  1.         0.77805924]	0.16400181466423622
Saccharomyces_cerevisiae_tRNA-Arg-CCT-1	26	32	WT	3	[0.66481216 1.53711098 0.65993363]	True	[0.36391189 0.00208997 0.0735862 ]	0.9539522554894101
Saccharomyces_cerevisiae_tRNA-Arg-CCT-1	26	Charged	WT	3	[-0.00705476  0.56882464  0.9593288 ]	False	[1.         0.66539258 0.07684555]	0.5070328942914101
Saccharomyces_cerevisiae_tRNA-Arg-CCT-1	32	Charged	WT	3	[ 0.08066514 -0.09914665  0.15851301]	False	[0.85083789 0.803113   0.2784622 ]	0.04667716501111138
Saccharomyces_cerevisiae_tRNA-Arg-CCT-1	9	24	Trm7	3	[-0.3842669  -0.40655919 -0.2346767 ]	True	[0.22254276 0.22831308 0.28773415]	-0.34183426146680135
Saccharomyces_cerevisiae_tRNA-Arg-CCT-1	9	26	Trm7	3	[1.00127653 0.49349085 0.30889288]	True	[0.54438419 0.82717937 0.88772338]	0.6012200880507164
Saccharomyces_cerevisiae_tRNA-Arg-CCT-1	9	32	Trm7	3	[-0.06010347  0.03363026 -0.00502354]	False	[0.8144186  0.94451268 1.        ]	-0.010498915135564772
Saccharomyces_cerevisiae_tRNA-Arg-CCT-1	9	58	Trm7	3	[-0.05648495  0.09346689  0.0784845 ]	False	[0.97149118 0.89944753 0.84398668]	0.03848881440136674
Saccharomyces_cerevisiae_tRNA-Arg-CCT-1	9	Charged	Trm7	3	[-0.08158005  0.50896529 -0.30151217]	False	[0.9238575  0.18940767 0.18791949]	0.04195768798741428
Saccharomyces_cerevisiae_tRNA-Arg-CCT-1	24	32	Trm7	3	[0.26082995 0.52135752 0.1956751 ]	True	[0.46254487 0.05794355 0.39739974]	0.3259541901635905
Saccharomyces_cerevisiae_tRNA-Arg-CCT-1	24	58	Trm7	3	[-0.67174665  0.12935966 -0.05920654]	False	[0.40458639 0.93016862 1.        ]	-0.2005311752407547
Saccharomyces_cerevisiae_tRNA-Arg-CCT-1	24	Charged	Trm7	3	[ 0.40262333 -0.17171362  0.209467  ]	False	[0.76845484 0.91146714 0.81545588]	0.14679223566303523
Saccharomyces_cerevisiae_tRNA-Arg-CCT-1	26	32	Trm7	3	[ 0.46990006  0.39939565 -0.2150699 ]	False	[0.77155166 0.77805924 0.92390891]	0.21807527184502595
Saccharomyces_cerevisiae_tRNA-Arg-CCT-1	26	58	Trm7	2	[0.92298063 0.28009124]	True	[1. 1.]	0.6015359338430197
Saccharomyces_cerevisiae_tRNA-Arg-CCT-1	32	58	Trm7	3	[0.46885582 0.16247502 0.1398419 ]	True	[0.05102182 0.75647835 0.61350656]	0.2570575801457506
Saccharomyces_cerevisiae_tRNA-Arg-CCT-1	32	Charged	Trm7	3	[-0.22843064  0.26378938  0.13719027]	False	[0.56645367 0.54460737 0.66539258]	0.05751633339482043
Saccharomyces_cerevisiae_tRNA-Arg-CCT-1	58	Charged	Trm7	3	[ 0.20441863 -0.66980984 -0.276268  ]	False	[0.93921609 0.27604563 0.63191284]	-0.24721973704118513
Saccharomyces_cerevisiae_tRNA-Arg-TCT-1	9	26	WT	3	[-0.58055375  0.25882261  0.07414794]	False	[0.38945822 0.77155166 0.94451268]	-0.08252773225246444
Saccharomyces_cerevisiae_tRNA-Arg-TCT-1	9	58	WT	3	[0.02320408 0.00618599 0.01916756]	True	[0.83715135 1.         0.78964355]	0.016185876639193058
Saccharomyces_cerevisiae_tRNA-Arg-TCT-1	9	Charged	WT	3	[-0.09235006 -0.04428587 -0.02460168]	True	[0.20717521 0.71659535 0.76519752]	-0.053745869962132126
Saccharomyces_cerevisiae_tRNA-Arg-TCT-1	26	58	WT	3	[ 0.49244963 -0.01921656  0.65068065]	False	[0.278397   1.         0.00781791]	0.37463790600874125
Saccharomyces_cerevisiae_tRNA-Arg-TCT-1	26	Charged	WT	3	[0.32546034 0.44756133 0.22063836]	True	[0.66337856 0.53296867 0.69376619]	0.33122001192149303
Saccharomyces_cerevisiae_tRNA-Arg-TCT-1	58	Charged	WT	3	[-0.03210754 -0.0931788  -0.04703124]	True	[0.74301455 0.11752697 0.28902329]	-0.05743919357426632
Saccharomyces_cerevisiae_tRNA-Arg-TCT-1	9	26	Trm7	3	[ 0.97503803  0.21749394 -0.90279972]	False	[0.02843379 0.8595237  0.0735094 ]	0.09657741535734787
Saccharomyces_cerevisiae_tRNA-Arg-TCT-1	9	58	Trm7	3	[ 0.07182687 -0.02094378  0.03551195]	False	[0.42319572 0.91913946 0.69313465]	0.028798347238226493
Saccharomyces_cerevisiae_tRNA-Arg-TCT-1	9	Charged	Trm7	3	[-0.13940241  0.08940732  0.04564364]	False	[0.20256571 0.56005467 0.72035778]	-0.0014504836460646371
Saccharomyces_cerevisiae_tRNA-Arg-TCT-1	26	58	Trm7	3	[0.35469237 0.48992408 0.89177013]	True	[0.65828152 0.54567596 0.0112959 ]	0.5787955262973551
Saccharomyces_cerevisiae_tRNA-Arg-TCT-1	26	Charged	Trm7	3	[-1.52370068  1.20224983 -0.12048737]	False	[0.27641983 0.09097751 1.        ]	-0.14731274284406354
Saccharomyces_cerevisiae_tRNA-Arg-TCT-1	58	Charged	Trm7	3	[ 0.02304544 -0.16191623 -0.13806168]	False	[0.93032058 0.13206098 0.06398385]	-0.09231082111009693
Saccharomyces_cerevisiae_tRNA-Leu-GAG-1	26	37	WT	3	[0.01172486 0.97977219 0.31604017]	True	[1.         0.58812924 0.96603542]	0.4358457395285364
Saccharomyces_cerevisiae_tRNA-Leu-GAG-1	26	58	WT	3	[1.14197846 0.58124216 2.14003196]	True	[0.42912873 0.81029228 0.04026892]	1.2877508611341149
Saccharomyces_cerevisiae_tRNA-Leu-GAG-1	37	58	WT	3	[ 0.04008092  0.20836544 -0.04735349]	False	[0.94451268 0.27641983 0.93032058]	0.06703095705348143
Saccharomyces_cerevisiae_tRNA-Leu-GAG-1	37	Charged	WT	3	[-0.11940665 -0.31044792  0.27086838]	False	[0.88495872 0.40331348 0.41933222]	-0.05299539719304094
Saccharomyces_cerevisiae_tRNA-Leu-GAG-1	58	Charged	WT	3	[ 0.12084282 -0.13658103  0.16136296]	False	[0.84106392 0.83387784 0.74301455]	0.048541580655662865
Saccharomyces_cerevisiae_tRNA-Leu-GAG-1	26	37	Trm7	3	[-1.39845462 -0.62040581  0.19890407]	False	[0.59175808 0.94239768 0.98243966]	-0.6066521178923184
Saccharomyces_cerevisiae_tRNA-Leu-GAG-1	26	58	Trm7	3	[ 0.24033459 -0.999514    1.54512355]	False	[0.94451268 1.         0.08270312]	0.2619813816263173
Saccharomyces_cerevisiae_tRNA-Leu-GAG-1	26	Charged	Trm7	2	[ 0.38108098 -0.64039314]	False	[0.84398668 1.        ]	-0.12965608016231178
Saccharomyces_cerevisiae_tRNA-Leu-GAG-1	37	58	Trm7	3	[ 0.07228877  0.02604371 -0.07829339]	False	[0.82611722 0.9910454  0.74301455]	0.006679694516574945
Saccharomyces_cerevisiae_tRNA-Leu-GAG-1	37	Charged	Trm7	3	[-0.23868969 -0.30324834  0.10600462]	False	[0.58882518 0.58137481 0.81416744]	-0.14531113716340086
Saccharomyces_cerevisiae_tRNA-Leu-GAG-1	58	Charged	Trm7	3	[ 0.02515682 -0.17144999  0.06391947]	False	[1.         0.84127464 0.94239768]	-0.02745790065875919
Saccharomyces_cerevisiae_tRNA-iMet-CAT-1	9	26	WT	3	[ 0.28778119 -0.20623665  0.27946497]	False	[0.86125854 1.         0.803113  ]	0.12033650204598695
Saccharomyces_cerevisiae_tRNA-iMet-CAT-1	9	46	WT	3	[-0.07893219  0.02611659  0.23707846]	False	[0.81947463 1.         0.06321887]	0.06142095263801015
Saccharomyces_cerevisiae_tRNA-iMet-CAT-1	9	58	WT	3	[-0.00772052 -0.00247142  0.05131018]	False	[1.         1.         0.67576719]	0.013706080529119181
Saccharomyces_cerevisiae_tRNA-iMet-CAT-1	9	Charged	WT	3	[0.19295867 0.10021685 0.02908248]	True	[0.38286135 0.739157   0.93888768]	0.10741933398696595
Saccharomyces_cerevisiae_tRNA-iMet-CAT-1	26	46	WT	3	[ 0.31005439 -0.62727745 -0.03754634]	False	[1.         0.73502471 0.99636076]	-0.11825646618170028
Saccharomyces_cerevisiae_tRNA-iMet-CAT-1	26	58	WT	3	[0.37820529 0.02833902 0.24710316]	True	[0.75648358 1.         0.76845484]	0.2178824916549894
Saccharomyces_cerevisiae_tRNA-iMet-CAT-1	26	Charged	WT	3	[-0.74763619 -0.89910419  0.67678373]	False	[0.95548915 0.8583465  0.42635126]	-0.32331888441922246
Saccharomyces_cerevisiae_tRNA-iMet-CAT-1	46	58	WT	3	[-0.14647385  0.01834668  0.01466709]	False	[0.46040813 1.         0.99191354]	-0.03782002593530223
Saccharomyces_cerevisiae_tRNA-iMet-CAT-1	46	Charged	WT	3	[0.03587329 0.08766654 0.19820109]	True	[1.         0.89529438 0.32079135]	0.10724697286496983
Saccharomyces_cerevisiae_tRNA-iMet-CAT-1	58	Charged	WT	3	[-0.11583892 -0.13962158 -0.12001587]	True	[0.59397989 0.40768198 0.26020869]	-0.1251587915989875
Saccharomyces_cerevisiae_tRNA-iMet-CAT-1	9	26	Trm7	3	[0.75283574 0.65681225 0.1904559 ]	True	[0.62839069 0.55632345 0.93016862]	0.533367961796874
Saccharomyces_cerevisiae_tRNA-iMet-CAT-1	9	46	Trm7	3	[ 0.34685391  0.10117621 -0.03293777]	False	[0.11176874 0.80173998 0.94451268]	0.1383641160056656
Saccharomyces_cerevisiae_tRNA-iMet-CAT-1	9	58	Trm7	3	[-0.00697734 -0.05019581 -0.06876104]	True	[1.         0.84398668 0.6453656 ]	-0.041978064567398776
Saccharomyces_cerevisiae_tRNA-iMet-CAT-1	9	Charged	Trm7	3	[ 0.02264009  0.06331426 -0.16369302]	False	[1.         0.9238575  0.44926689]	-0.025912889201047715
Saccharomyces_cerevisiae_tRNA-iMet-CAT-1	26	46	Trm7	3	[-0.34122278 -0.6747355   1.26167372]	False	[0.94451268 0.72804512 0.67598278]	0.08190514439663232
Saccharomyces_cerevisiae_tRNA-iMet-CAT-1	26	58	Trm7	3	[-0.39951166  0.94386045  0.10284686]	False	[0.91907872 0.24522837 0.95586891]	0.21573188141888763
Saccharomyces_cerevisiae_tRNA-iMet-CAT-1	26	Charged	Trm7	2	[0.35727698 0.63803895]	True	[0.91847169 0.6491071 ]	0.4976579668647295
Saccharomyces_cerevisiae_tRNA-iMet-CAT-1	46	58	Trm7	3	[-0.1575489  -0.26889439 -0.03304165]	True	[0.4575931  0.07904795 0.92390891]	-0.15316164630750043
Saccharomyces_cerevisiae_tRNA-iMet-CAT-1	46	Charged	Trm7	3	[-0.01202736 -0.07438972 -0.03564633]	True	[1.         0.92390891 0.97317708]	-0.04068780297214995
Saccharomyces_cerevisiae_tRNA-iMet-CAT-1	58	Charged	Trm7	3	[-0.10685939  0.00178005 -0.01752468]	False	[0.70367488 1.         1.        ]	-0.04086800760845032
Saccharomyces_cerevisiae_tRNA-Ser-CGA-1	26	32	WT	3	[-0.21635472 -0.17794842  0.08172309]	False	[0.94451268 1.         0.96937014]	-0.10419335219297142
Saccharomyces_cerevisiae_tRNA-Ser-CGA-1	26	58	WT	3	[ 0.41655002 -0.99154103  0.39580159]	False	[0.739157   0.4575931  0.68250923]	-0.059729805293611306
Saccharomyces_cerevisiae_tRNA-Ser-CGA-1	26	Charged	WT	3	[ 0.28373225 -1.33939609  0.11181539]	False	[0.91157991 0.43142393 0.94451268]	-0.3146161527513765
Saccharomyces_cerevisiae_tRNA-Ser-CGA-1	32	58	WT	3	[ 0.03062304 -0.04775475 -0.0838467 ]	False	[0.95586891 0.91913946 0.62735015]	-0.03365947037149426
Saccharomyces_cerevisiae_tRNA-Ser-CGA-1	32	Charged	WT	3	[0.06859756 0.35497711 0.09170362]	True	[0.89613366 0.04272684 0.65828152]	0.17175943058996634
Saccharomyces_cerevisiae_tRNA-Ser-CGA-1	58	Charged	WT	3	[0.10731302 0.10418543 0.02258037]	True	[0.76973532 0.75647835 0.98020608]	0.07802627360831993
Saccharomyces_cerevisiae_tRNA-Ser-CGA-1	26	32	Trm7	3	[ 0.51264865 -0.91461583 -0.68103936]	False	[0.66275094 0.48614632 0.42635126]	-0.36100217937793316
Saccharomyces_cerevisiae_tRNA-Ser-CGA-1	26	58	Trm7	3	[ 1.20543869  0.61581978 -0.50379421]	False	[0.07684555 0.53840095 0.72185507]	0.4391547524691311
Saccharomyces_cerevisiae_tRNA-Ser-CGA-1	26	Charged	Trm7	3	[ 0.17525082  0.92210024 -2.06960682]	False	[0.9705418  0.40331348 0.1691328 ]	-0.3240852549074364
Saccharomyces_cerevisiae_tRNA-Ser-CGA-1	32	58	Trm7	3	[-0.12407912 -0.12967086  0.01593622]	False	[0.64814587 0.65398933 1.        ]	-0.07927125217966104
Saccharomyces_cerevisiae_tRNA-Ser-CGA-1	32	Charged	Trm7	3	[-0.00263754  0.00301509 -0.0446589 ]	False	[1.         1.         0.94451268]	-0.014760450038273407
Saccharomyces_cerevisiae_tRNA-Ser-CGA-1	58	Charged	Trm7	3	[ 0.11066791  0.25029563 -0.15753702]	False	[0.79451009 0.42635126 0.58030724]	0.06780884083273632
Saccharomyces_cerevisiae_tRNA-Gln-TTG-1	34	58	WT	3	[0.07561841 0.13280989 0.25895934]	True	[0.89716569 0.73934044 0.1068655 ]	0.1557958818062565
Saccharomyces_cerevisiae_tRNA-Gln-TTG-1	34	Charged	WT	3	[ 0.093468   -0.29508448 -0.06158936]	False	[0.81464129 0.22377577 0.88495872]	-0.08773528165518145
Saccharomyces_cerevisiae_tRNA-Gln-TTG-1	58	Charged	WT	3	[-0.1954927   0.11345175  0.09455397]	False	[0.7121565  0.82592237 0.80210872]	0.004171008995714802
Saccharomyces_cerevisiae_tRNA-Gln-TTG-1	34	58	Trm7	3	[0.25490882 0.53378622 0.08986709]	True	[0.4036577  0.0098669  0.84900606]	0.2928540428074396
Saccharomyces_cerevisiae_tRNA-Gln-TTG-1	34	Charged	Trm7	3	[-0.25962398 -0.23489655 -0.14000557]	True	[0.59307625 0.62735015 0.8072072 ]	-0.21150870162258437
Saccharomyces_cerevisiae_tRNA-Gln-TTG-1	58	Charged	Trm7	3	[-0.04547462 -0.56443424  0.23613701]	False	[1.         0.22755814 0.6647281 ]	-0.12459061622106037
Saccharomyces_cerevisiae_tRNA-Leu-TAA-1	26	37	WT	3	[0.0128223  0.45812444 0.43881012]	True	[1.         0.38392758 0.193462  ]	0.30325228786361696
Saccharomyces_cerevisiae_tRNA-Leu-TAA-1	26	58	WT	3	[ 0.23558443 -0.71504489 -0.19478   ]	False	[0.81465897 0.11500133 0.76853226]	-0.22474681977652752
Saccharomyces_cerevisiae_tRNA-Leu-TAA-1	26	Charged	WT	3	[0.20554599 0.03094233 0.5818962 ]	True	[0.89944753 1.         0.23203166]	0.2727948403161708
Saccharomyces_cerevisiae_tRNA-Leu-TAA-1	37	58	WT	3	[-0.01728703 -0.08320616  0.10011875]	False	[0.94451268 0.35793417 0.05243296]	-0.00012481538589619035
Saccharomyces_cerevisiae_tRNA-Leu-TAA-1	37	Charged	WT	3	[ 0.07708382 -0.02515679 -0.00362253]	False	[0.64275493 0.94451268 1.        ]	0.01610149897328827
Saccharomyces_cerevisiae_tRNA-Leu-TAA-1	58	Charged	WT	3	[ 0.0106225  -0.10798318 -0.16433217]	False	[1.         0.3859478  0.00985832]	-0.0872309528735421
Saccharomyces_cerevisiae_tRNA-Leu-TAA-1	26	37	Trm7	3	[ 0.38139448  0.81365363 -0.04884484]	False	[0.57772753 0.07527956 1.        ]	0.3820677561116534
Saccharomyces_cerevisiae_tRNA-Leu-TAA-1	26	58	Trm7	3	[-0.70423706 -0.19277764  0.6421285 ]	False	[0.1217039  0.85486906 0.13731556]	-0.08496206644063475
Saccharomyces_cerevisiae_tRNA-Leu-TAA-1	26	Charged	Trm7	3	[0.59234406 0.27552146 0.77480953]	True	[0.55867657 0.9008013  0.18828128]	0.5475583508059594
Saccharomyces_cerevisiae_tRNA-Leu-TAA-1	37	58	Trm7	3	[0.00261202 0.01274392 0.03055147]	True	[1.         0.97359045 0.7561258 ]	0.01530246782716974
Saccharomyces_cerevisiae_tRNA-Leu-TAA-1	37	Charged	Trm7	3	[0.33345583 0.14775594 0.01710519]	True	[9.16874855e-04 4.23818066e-01 9.66222671e-01]	0.1661056523026133
Saccharomyces_cerevisiae_tRNA-Leu-TAA-1	58	Charged	Trm7	3	[-0.08911392  0.05421673 -0.02127556]	False	[0.58471811 0.82611722 0.94239768]	-0.01872424705759617
Saccharomyces_cerevisiae_mito_tRNA-Pro-TGG-1	26	37	WT	3	[-0.0310269   0.45371797  0.66091135]	False	[1.         1.         0.82611722]	0.36120080859224474
Saccharomyces_cerevisiae_mito_tRNA-Pro-TGG-1	37	Charged	WT	3	[ 0.0671142  -1.21263785  0.24327115]	False	[1.         0.41563565 0.93032058]	-0.3007508356466045
Saccharomyces_cerevisiae_mito_tRNA-Pro-TGG-1	37	Charged	Trm7	3	[ 1.12175772  1.02236781 -1.70043972]	False	[0.61672622 0.63860756 0.15448538]	0.1478952712897216
Saccharomyces_cerevisiae_mito_tRNA-Pro-TGG-1	26	37	Trm7	2	[-0.14336418 -0.93365751]	True	[1.         0.93032058]	-0.5385108401712407
Saccharomyces_cerevisiae_tRNA-Thr-CGT-1	9	32	WT	3	[0.56763919 0.16154927 0.25118798]	True	[0.23041889 0.86551658 0.46254487]	0.32679214753079777
Saccharomyces_cerevisiae_tRNA-Thr-CGT-1	9	58	WT	3	[-0.12485499 -0.09102732 -0.09837799]	True	[0.75648358 0.85035498 0.62924496]	-0.10475343469822761
Saccharomyces_cerevisiae_tRNA-Thr-CGT-1	9	Charged	WT	3	[-0.10627129 -0.12031287 -0.07085144]	True	[0.76853226 0.71659535 0.73565117]	-0.09914520156292601
Saccharomyces_cerevisiae_tRNA-Thr-CGT-1	32	58	WT	3	[0.70633498 0.08514288 0.1974878 ]	True	[0.02199025 0.94451268 0.49013976]	0.3296552187023896
Saccharomyces_cerevisiae_tRNA-Thr-CGT-1	32	Charged	WT	3	[0.05942944 0.39627497 0.09877801]	True	[0.95586891 0.24744135 0.76983924]	0.18482747132405142
Saccharomyces_cerevisiae_tRNA-Thr-CGT-1	58	Charged	WT	3	[-0.03618411 -0.18865225 -0.01483178]	True	[0.95586891 0.35793417 0.99191354]	-0.07988937675583517
Saccharomyces_cerevisiae_tRNA-Thr-CGT-1	9	32	Trm7	3	[0.43013397 0.43423989 0.39682687]	True	[0.2784622  0.23726095 0.05210522]	0.42040024105305496
Saccharomyces_cerevisiae_tRNA-Thr-CGT-1	9	58	Trm7	3	[ 0.09732491 -0.01254446 -0.10141063]	False	[0.7975637  1.         0.62839069]	-0.005543393417343954
Saccharomyces_cerevisiae_tRNA-Thr-CGT-1	9	Charged	Trm7	3	[ 0.00575927 -0.17640321 -0.03069043]	False	[1.         0.40277348 0.93016862]	-0.06711145908933287
Saccharomyces_cerevisiae_tRNA-Thr-CGT-1	32	58	Trm7	3	[0.59307858 0.46240482 0.40073176]	True	[0.12084396 0.25436584 0.10051178]	0.4854050519857252
Saccharomyces_cerevisiae_tRNA-Thr-CGT-1	32	Charged	Trm7	3	[-0.02217308  0.26637843  0.09054229]	False	[1.         0.55867657 0.83025514]	0.11158254552791391
Saccharomyces_cerevisiae_tRNA-Thr-CGT-1	58	Charged	Trm7	3	[ 0.04690564  0.01386703 -0.0114795 ]	False	[0.94239768 1.         1.        ]	0.016431058022670263
Saccharomyces_cerevisiae_tRNA-Val-AAC-2	9	46	WT	3	[-0.07504111  0.08549578 -0.05675317]	False	[0.91396342 0.89079812 0.88052236]	-0.01543283455230339
Saccharomyces_cerevisiae_tRNA-Val-AAC-2	9	58	WT	3	[0.14292466 0.00630437 0.0510924 ]	True	[0.59307625 1.         0.80671328]	0.06677380954722734
Saccharomyces_cerevisiae_tRNA-Val-AAC-2	9	Charged	WT	3	[-0.0724662  -0.12200046 -0.09942843]	True	[0.81464129 0.64226503 0.49000837]	-0.09796503032203285
Saccharomyces_cerevisiae_tRNA-Val-AAC-2	46	58	WT	3	[ 0.10448054 -0.1237085  -0.07289687]	False	[0.79451009 0.69376619 0.80565073]	-0.03070827415691681
Saccharomyces_cerevisiae_tRNA-Val-AAC-2	46	Charged	WT	3	[ 0.01612769 -0.20897224 -0.0926725 ]	False	[1.         0.36150451 0.74301455]	-0.09517234690353571
Saccharomyces_cerevisiae_tRNA-Val-AAC-2	58	Charged	WT	3	[0.09889639 0.00973497 0.02065665]	True	[0.77312406 1.         0.97258994]	0.043096004366877945
Saccharomyces_cerevisiae_tRNA-Val-AAC-2	9	46	Trm7	3	[ 0.28994919 -0.24936666  0.17068545]	False	[0.3859478  0.45473224 0.58830157]	0.07042266129030629
Saccharomyces_cerevisiae_tRNA-Val-AAC-2	9	58	Trm7	3	[ 0.10188028 -0.09737105  0.0008312 ]	False	[0.78654458 0.83387784 1.        ]	0.0017801442919236964
Saccharomyces_cerevisiae_tRNA-Val-AAC-2	9	Charged	Trm7	3	[-0.11989489 -0.14692783  0.09925334]	False	[0.60577413 0.49013976 0.54145   ]	-0.05585645704500619
Saccharomyces_cerevisiae_tRNA-Val-AAC-2	46	58	Trm7	3	[-0.08528901  0.16772846 -0.07335207]	False	[0.83376933 0.6491071  0.88550151]	0.003029125074772298
Saccharomyces_cerevisiae_tRNA-Val-AAC-2	46	Charged	Trm7	3	[-0.15879603  0.04382404  0.12803623]	False	[0.46588659 0.93032058 0.60340332]	0.004354746592309555
Saccharomyces_cerevisiae_tRNA-Val-AAC-2	58	Charged	Trm7	3	[ 0.11352427 -0.01466566 -0.15162252]	False	[0.69313465 1.         0.32756048]	-0.01758796915795868
Saccharomyces_cerevisiae_tRNA-Phe-GAA-1	26	37	WT	3	[ 1.74912748  1.39347673 -0.57097285]	False	[0.42982814 0.53296867 1.        ]	0.8572104537791985
Saccharomyces_cerevisiae_tRNA-Phe-GAA-1	26	58	WT	3	[1.22761809 1.04934132 1.7060036 ]	True	[0.48091171 0.42912873 0.00252592]	1.3276543342654754
Saccharomyces_cerevisiae_tRNA-Phe-GAA-1	26	Charged	WT	3	[1.26538441 1.55155482 0.42130575]	True	[0.41430821 0.15405228 0.74127467]	1.079414993281726
Saccharomyces_cerevisiae_tRNA-Phe-GAA-1	37	46	WT	3	[-0.31251356  0.18212516  0.16567772]	False	[0.74301455 0.96937014 0.87191044]	0.011763103919131379
Saccharomyces_cerevisiae_tRNA-Phe-GAA-1	37	58	WT	3	[0.02074788 0.46607189 0.42553269]	True	[1.         0.22867101 0.0501265 ]	0.30411748934277366
Saccharomyces_cerevisiae_tRNA-Phe-GAA-1	37	Charged	WT	3	[0.68663392 0.68191511 1.07859844]	True	[5.76328309e-02 3.77563827e-02 2.69646266e-10]	0.8157158211514058
Saccharomyces_cerevisiae_tRNA-Phe-GAA-1	46	58	WT	3	[0.08678291 0.3012415  0.20707984]	True	[0.92462399 0.367655   0.2784622 ]	0.1983680827014881
Saccharomyces_cerevisiae_tRNA-Phe-GAA-1	46	Charged	WT	3	[ 0.19544247 -0.23484964 -0.05120664]	False	[0.75647835 0.49692891 0.91902232]	-0.03020460602384938
Saccharomyces_cerevisiae_tRNA-Phe-GAA-1	58	Charged	WT	3	[ 0.03978721  0.00746516 -0.05975679]	False	[0.94451268 1.         0.77805924]	-0.004168137646103677
Saccharomyces_cerevisiae_tRNA-Phe-GAA-1	26	46	WT	2	[-0.53737553 -0.86057217]	True	[0.90785224 0.55840322]	-0.6989738506483298
Saccharomyces_cerevisiae_tRNA-Phe-GAA-1	26	35	Trm7	3	[-2.5120119  -1.15632937 -0.51391356]	True	[0.15162937 0.73885666 0.90968619]	-1.3940849450486974
Saccharomyces_cerevisiae_tRNA-Phe-GAA-1	26	37	Trm7	3	[ 2.15747    -0.56119433  0.94589656]	False	[0.08255965 1.         0.42635126]	0.8473907433997786
Saccharomyces_cerevisiae_tRNA-Phe-GAA-1	26	46	Trm7	3	[-2.24135058 -1.85179659  0.84707708]	False	[0.20717521 0.43142393 1.        ]	-1.0820233637257388
Saccharomyces_cerevisiae_tRNA-Phe-GAA-1	26	58	Trm7	3	[ 3.12758473 -0.09216862  1.01797009]	False	[0.00888922 1.         0.42982814]	1.351128733165887
Saccharomyces_cerevisiae_tRNA-Phe-GAA-1	26	Charged	Trm7	3	[0.20358439 2.04494089 0.53640716]	True	[1.         0.64596644 0.81029228]	0.9283108131842616
Saccharomyces_cerevisiae_tRNA-Phe-GAA-1	35	37	Trm7	3	[-7.45648462 -6.8206776  -7.45511113]	True	[2.43927916e-131 1.28365077e-119 1.87160311e-263]	-7.244091113631427
Saccharomyces_cerevisiae_tRNA-Phe-GAA-1	35	46	Trm7	3	[ 0.16102401  0.37584442 -0.15543524]	False	[0.88732955 0.60403149 0.87956376]	0.12714439675492972
Saccharomyces_cerevisiae_tRNA-Phe-GAA-1	35	58	Trm7	3	[ 0.07261912 -0.01879475  0.08116961]	False	[1.         1.         0.94451268]	0.044997995487761566
Saccharomyces_cerevisiae_tRNA-Phe-GAA-1	35	Charged	Trm7	3	[-0.00439511 -0.30069546 -0.13939345]	True	[1.         0.49851974 0.66535715]	-0.14816134096613023
Saccharomyces_cerevisiae_tRNA-Phe-GAA-1	37	46	Trm7	3	[-0.12175387 -0.19451773  0.0299132 ]	False	[0.80671328 0.63191284 0.98457074]	-0.09545280042796152
Saccharomyces_cerevisiae_tRNA-Phe-GAA-1	37	58	Trm7	3	[-0.04279263  0.12417121  0.01036419]	False	[0.95948737 0.73205267 1.        ]	0.030580920290197863
Saccharomyces_cerevisiae_tRNA-Phe-GAA-1	37	Charged	Trm7	3	[0.10595018 0.15623885 0.0616034 ]	True	[0.65828152 0.40769784 0.69362316]	0.10793081209230426
Saccharomyces_cerevisiae_tRNA-Phe-GAA-1	46	58	Trm7	3	[-0.35615874  0.04087723 -0.06370897]	False	[0.36150451 1.         0.93032058]	-0.12633016012272122
Saccharomyces_cerevisiae_tRNA-Phe-GAA-1	46	Charged	Trm7	3	[-0.2844272   0.08294378  0.07195702]	False	[0.39314326 0.88746953 0.82611722]	-0.0431754658395169
Saccharomyces_cerevisiae_tRNA-Phe-GAA-1	58	Charged	Trm7	3	[-0.00197064 -0.10548571 -0.05066772]	True	[1.         0.75155886 0.84398668]	-0.05270802454417647
Saccharomyces_cerevisiae_tRNA-Trp-CCA-1	9	46	WT	3	[-0.0611287  -0.05187746 -0.09207752]	True	[0.69313465 0.76983924 0.24522837]	-0.06836122732386989
Saccharomyces_cerevisiae_tRNA-Trp-CCA-1	9	58	WT	3	[0.07257176 0.14734713 0.07366484]	True	[0.4615776  0.04921301 0.19718461]	0.09786124066160588
Saccharomyces_cerevisiae_tRNA-Trp-CCA-1	9	Charged	WT	3	[-0.12371611 -0.03060722 -0.06652109]	True	[0.16152657 0.89944753 0.40978337]	-0.07361480588186865
Saccharomyces_cerevisiae_tRNA-Trp-CCA-1	46	58	WT	3	[0.06449146 0.0332793  0.13312672]	True	[0.7121565  0.91396703 0.06721011]	0.07696582918407731
Saccharomyces_cerevisiae_tRNA-Trp-CCA-1	46	Charged	WT	3	[ 0.04025062  0.04983381 -0.01430957]	False	[0.88495872 0.85035498 0.97258994]	0.02525828917550217
Saccharomyces_cerevisiae_tRNA-Trp-CCA-1	58	Charged	WT	3	[-0.01774067  0.00381026 -0.06096061]	False	[0.95163119 1.         0.49851974]	-0.024963674893938446
Saccharomyces_cerevisiae_tRNA-Trp-CCA-1	9	46	Trm7	3	[-0.00997251  0.0549939  -0.15501833]	False	[1.         0.78580887 0.05578977]	-0.036665644319255425
Saccharomyces_cerevisiae_tRNA-Trp-CCA-1	9	58	Trm7	3	[0.10533851 0.01969643 0.00157679]	True	[0.26683428 0.94451268 1.        ]	0.042203908947023035
Saccharomyces_cerevisiae_tRNA-Trp-CCA-1	9	Charged	Trm7	3	[-0.09403215  0.08359328 -0.09292225]	False	[0.42912873 0.58471811 0.27526598]	-0.034453706879328465
Saccharomyces_cerevisiae_tRNA-Trp-CCA-1	46	58	Trm7	3	[0.00934131 0.06793977 0.01621938]	True	[1.         0.73780035 0.97359045]	0.031166818575744448
Saccharomyces_cerevisiae_tRNA-Trp-CCA-1	46	Charged	Trm7	3	[-0.08230958  0.07718665  0.04741365]	False	[0.65398933 0.75648358 0.81029228]	0.014096907893134896
Saccharomyces_cerevisiae_tRNA-Trp-CCA-1	58	Charged	Trm7	3	[ 0.07564076  0.0495243  -0.00357375]	False	[0.54935344 0.79451009 1.        ]	0.04053043550298036
Saccharomyces_cerevisiae_mito_tRNA-His-GTG-1	37	Charged	WT	3	[ 0.77233992 -0.30256277  0.29671753]	False	[0.6491071  0.86545665 0.8814719 ]	0.25549822877924755
Saccharomyces_cerevisiae_mito_tRNA-His-GTG-1	37	Charged	Trm7	3	[ 0.22026612  0.06640123 -0.00472241]	False	[0.98243966 1.         1.        ]	0.09398164523605555
Saccharomyces_cerevisiae_tRNA-Tyr-GTA-1	26	58	WT	3	[-0.06052807  0.13813489  0.33878183]	False	[1.         0.90968619 0.2784622 ]	0.13879621644313023
Saccharomyces_cerevisiae_tRNA-Tyr-GTA-1	26	Charged	WT	3	[-0.07030634  0.1088123   0.0041426 ]	False	[1.         0.94451268 1.        ]	0.014216188082905904
Saccharomyces_cerevisiae_tRNA-Tyr-GTA-1	58	Charged	WT	3	[-0.1571318  -0.19887004 -0.16266479]	True	[6.03018242e-03 2.09263391e-04 3.40444447e-06]	-0.17288887732425728
Saccharomyces_cerevisiae_tRNA-Tyr-GTA-1	26	58	Trm7	3	[ 0.17417827 -0.18036675  0.60315502]	False	[0.92163978 1.         0.24180072]	0.19898884892679422
Saccharomyces_cerevisiae_tRNA-Tyr-GTA-1	26	Charged	Trm7	3	[-0.15759643 -0.80304368  0.48674882]	False	[1.         0.95838728 0.62924496]	-0.15796376107554497
Saccharomyces_cerevisiae_tRNA-Tyr-GTA-1	58	Charged	Trm7	3	[-0.07892127 -0.1882976   0.04776144]	False	[0.69771239 0.22254276 0.76983924]	-0.07315247652133566
Saccharomyces_cerevisiae_mito_tRNA-Ala-TGC-1	26	Charged	WT	2	[-0.65896308  0.26303441]	False	[1.         0.94239768]	-0.19796433816556963
